[2026-09-01T03:25:14.844Z] GET https://sites.google.com/tec.mx/emprendimiento-tec/ → pending (?ms, ?B)
[2026-09-01T03:25:18.663Z] GET https://fonts.googleapis.com/css?family=Google+Sans:400,500|Roboto:300,400,500,700|Source+Code+Pro:400,700&display=swap → pending (?ms, ?B)
[2026-09-01T03:25:18.664Z] GET https://fonts.googleapis.com/css?family=Kumbh%20Sans%3Ai%2Cbi%2C700%2C400&display=swap → pending (?ms, ?B)
[2026-09-01T03:25:18.664Z] GET https://fonts.googleapis.com/css?family=Poppins%3Ai%2Cbi%2C700%2C500%2C600%2C400&display=swap → pending (?ms, ?B)
[2026-09-01T03:25:18.664Z] GET https://www.gstatic.com/_/atari/_/ss/k=atari.vw.aSyuBU2ZkRc.L.W.O/am=IAACDAAE/d=1/rs=AGEqA5nynIqRTnfpmbAdLcnbMGD_o1xU2w → pending (?ms, ?B)
[2026-09-01T03:25:18.783Z] GET https://apis.google.com/js/client.js?onload=gapiLoaded → pending (?ms, ?B)
[2026-09-01T03:25:19.044Z] GET https://www.googletagmanager.com/gtag/js?id=G-XRQ92MLXDH → pending (?ms, ?B)
[2026-09-01T03:25:19.082Z] GET https://lh3.googleusercontent.com/sitesv/AG8ngQUvhm0VOtyBxP9-in3RP3BduxaI9sjNQf3lr5WrxXdsaWn2t1ZAF38fJC8FpzXuIz-B418wJcSSo7OP0IR51YiOd3Ig4Iz-obhOHybZIPUrCbPMtyDb6Di9dwC2VQF0feeT7aOLKJVCzHPDTTXBsnwskgZ8s-kdTUnvqlp29IVJ4AFeE2_5KL7_SWuEAWVSWUMRX7Dlj5davqJUAtVOh610RP2OsR6E9i4N8SHPikY=w1280 → pending (?ms, ?B)
[2026-09-01T03:25:19.082Z] GET https://lh3.googleusercontent.com/sitesv/AG8ngQUlf4NOroOD9R8zNV0bVMKkh8i4uDTZVtZwnMcBm_8Rahf8IOD7mxbUYvtK0TLminY-aupZJn-kDx7UXZyNABXDjBIOnrmYjmlwcka4gYJT6aiq7sVwqb6chi-MVkRNOwkDqjQaPdG9X7Bbj0B9PyfQ8F-nWN3-LuL7urjgMjuYU8MFmU1pRLh70gieLPVMLQDd1syuv7Sc7utWM-7EM8Jtf76RQeoqWlpxzwK_vDo=w1280 → pending (?ms, ?B)
[2026-09-01T03:25:19.082Z] GET https://lh3.googleusercontent.com/sitesv/AG8ngQVESL47_xNPAmb5vesyYy5_zeNfPdXO983rNjWmnkw0P7qWaEF1s33a2tVWpKhgcrYAXhTTyZeSni7HVdCT38kbfSmBeyn6u9LHXxF-8ypYL78gOMFj-pBGRMrTsA8w-N6sTJ6GBZZYn-laf1qz79JMPo-SNcfiTxLSz4_NAZFMN-ShEcLdHe9VDXVHbpvKLvRBx-FBwOILG4aNeTdY_79B5CxFUmz36GvXcedr9_s=w1280 → pending (?ms, ?B)
[2026-09-01T03:25:19.082Z] GET https://lh3.googleusercontent.com/sitesv/AG8ngQWpCWrp9ay6qWUNcuEIXoqO0n5iBU8RzId0Fkeo70cJs3hB7ydqWscLQw0IbSMGw7S2fJ2camboz-g_6dxsEWKCrIn6qAk0ljw2CV_SayVxBj_BM8BpQamBYJUZ6n_UgBgSU7pGi6eWokgYRW6jth2W3jufgpDSZcGPfhkkm_nHmTbcIg5cuTYao9GDkrchyZrkDzLV1GswMaUoZloM9d9bhEa0OwtPTW2sMPnK=w1280 → pending (?ms, ?B)
[2026-09-01T03:25:19.082Z] GET https://lh3.googleusercontent.com/sitesv/AG8ngQVXvvvvlzSGFjqYKTR62WZsKf6dLll5YO2d4ImXU9n6-94rF62YuGtKOA8U7DF8F1ytbZ_B3SmvrGYRHF2o3rAKFf-Dd1GbxSh-kI0l-X733xlD2V0vwCXEhO4MhgBB9BOkf_WzPwjDfZsH6QIRdEa3kGNPll-vZgOPtCLc6_6Hib1tWD9IKvYiYLwaPvIhQhirkQYlMaB_OSnzCC9WlcQNPRWnNqJbHgaJ59jH=w1280 → pending (?ms, ?B)
[2026-09-01T03:25:19.082Z] GET https://lh3.googleusercontent.com/sitesv/AG8ngQU229Mv8n4dHiu-pbXb2Ni-UHIAl1Rk2FowVuPmN1p8mziqTS_jpRvU5N-BNpN4VINQvnRqlUR25I0IpbTMMeLXsNoP11NG4MHSAZzVAIVxbrO9AYFlCyMepRGmRleEB3zL6xJ3Ad1TI5EimUETHSsjBxhTnT51x8uEksNl0_J8seXmK_lvUo3GnzmpYz98lQ2ufrMyiFhLBHdv9LknPXtzBRYoM3_yCP8_KCjki8M=w1280 → pending (?ms, ?B)
[2026-09-01T03:25:19.084Z] GET https://lh3.googleusercontent.com/sitesv/AG8ngQU61U7tHf4SOrprMOGZz6IQA-e5EIGUvnrMvTPxNdlnXORDxWURXElSFlEG3Xu_8dXR66Cte1BiCxHa-t4I4Anf28Cf4SXwr86-pGw1Lwn61cbzcGczF4Io0Xk3DRGC7sJ5015F2-rrFtdjXUijnUYylyWI-9Xy3OKags3LPqrlYCxNPF635CrIiegE8PCRfwTIObfgRODoBw3KC4AVJOD9ra2o7QaGbAtege9GLcI=w1280 → pending (?ms, ?B)
[2026-09-01T03:25:19.084Z] GET https://lh3.googleusercontent.com/sitesv/AG8ngQV-c-KlVUIt4bP6djZL9-SKiD0EEPnbPa-OYT6j16aJBsUFJWOP4tc-TyLF5FdfquDv-emLEBDUHiaZsTYoQbq7Q344RipVVwF2jFpfg2nH0JlJpm94KxOEzlq3cRm6bGEZGGJ8lAJoRAcgCAf3HFC50G_D-fxpB1iGFHVmusBinw4PvN6fBzzapxGqk8_KIbWUesLRurVueDP8thUCUGqAVhhmt8Drae6O-sQZ=w1280 → pending (?ms, ?B)
[2026-09-01T03:25:19.084Z] GET https://lh3.googleusercontent.com/sitesv/AG8ngQW4PNYWGr0JXJoQanbGTBb1EAqWKgBelTYdZ9VizmlRa06zrCuDZxkeMMFSW9h1r4L-Pg8iBKEI_b9v1wSyqalHWXCgNIMuIGGpFpelBNfXE66NL2VV205Ksj_Xl4zwA1a5qRlOEeOjwerx_yZU8LLFPmgyvLvkl6kBwHBVM2X8dea0SA4lv7k2Iq7W_U0-AkL2cpUYP43vp98GAWsWmnbuGkFGcQVMhV9Go-Uk4U0=w1280 → pending (?ms, ?B)
[2026-09-01T03:25:19.085Z] GET https://lh3.googleusercontent.com/sitesv/AG8ngQVIPeTktiTpsJa5CfUG3NDb7i7vhTrnEkW1aKZXSH17_Cos27YOWIxMvhjk0EPFSHy2j-zXD6bomxSRiBdyzea6t2OQCguMnLuW_ghwEjm5x7OrXbDWpJHT8nBGqK0QhG5YN6HYy2ouaXYH8MDzjpvx97S77KJVWriKRQ0tTfg1HTEu5hyLHGdTnhNainYjYwq393uhqiuEN7ETynVK6N2DByU1ux53y0AMsNva=w1280 → pending (?ms, ?B)
[2026-09-01T03:25:19.085Z] GET https://lh3.googleusercontent.com/sitesv/AG8ngQW666XUwO3Kp6ksBVDxYTV3HQxXjC0zk_sIR3RYdKBdJX-GsLmmYZRSe2-WG0gNxZD0f6pnC76A9oW9YKyzNuofgs6qeD8ULnkw332lEThMxJ7Smo6e6QGIkUG-zOo1CDqKoO-2f_G6BG1ujIjszmBSo3THXLB8PHOFlNaaINGVFzRHaQp_iUnShs_EEa8trkpnnlxwTpQD4Lc_JmhpnbsYeo66jMusW4-rCMuJ=w1280 → pending (?ms, ?B)
[2026-09-01T03:25:19.085Z] GET https://lh3.googleusercontent.com/sitesv/AG8ngQW8zrhFz4_6hRkvf6uRqdwgNwrv_PPA3mqEPvLFCObRgQj9fRNmVES53G28TVXo00e40Z8Wo9NcDFaLs5S4KirevORVvLiKCAWEhSsBuEwONI1v1zGvAFo6BHx0FwWj_2KbxgCADOLr1Spo09Ct6rfWzLjRxr-tFXKaB6283d2dAh77gZbmcBki7ajrs7ldTu0koPuAmrvIITlV0M26GlCw68bdU4xM02XMzTpE=w1280 → pending (?ms, ?B)
[2026-09-01T03:25:19.085Z] GET https://lh3.googleusercontent.com/sitesv/AG8ngQVet60v8hWl1-aekzGwkDHxktSHNFv5oUmXnbd196qZU4a40lXjsfcXUOybEmJ2RzYqdIpDT4_31iUEukAX90bnhhy3kZ39cS5zTfOEl-t1Jwhpd0HiCBBt9XGPMo4Yy0xE84ed88kQVjKU19OiNYZ9hwvg_N0d19IusUFQxBuLrpwmm4hb_AwB5wer3IYS7yZNfm1s6dtOahn6y-4YESH1UiUN3Y_7bdJqxd9e=w1280 → pending (?ms, ?B)
[2026-09-01T03:25:19.085Z] GET https://lh3.googleusercontent.com/sitesv/AG8ngQWgig6sT7y2WwNeWSv2oNAUXBoeso5wKSB9ZHqXU4GbvWQSNrrmU5_uId9ybAqowi_kE5hqW0X1xjJyWXidIQBKeDbBYg-uONm9W3XPRNILli42tLFVHbGUgbFyBwMdq0jR06g5v193zZIx6TPSNvPu-j496cm1aO3g76EUqXmec8wMI2s4_T_z3pJbxH92dtgA__oRllJQdCmvVu6iv0l9ACC8gzIuYP3nZeN_=w1280 → pending (?ms, ?B)
[2026-09-01T03:25:19.085Z] GET https://lh3.googleusercontent.com/sitesv/AG8ngQU7zT9_3v_dzcGKXOLJCIK_kqfdnay2A0bNwfQukJZaJKU8MvmzGIe4PofK38FdbWmfwHb_QH5T-Tv31QlJugvzq2FdTBvvj-NDS-xzxmeIToaT93U9Smi9N-gkupXO5uxCvWeuSJkPZiW3y68XTRAsiAjSbGOfcERczJRQ5XQwB82Rb1Utq6sGw3gB7pu3obTDRgejTxVX1u1FqPn_UpjI16x6BxJCTExq7clRcNU=w1280 → pending (?ms, ?B)
[2026-09-01T03:25:19.085Z] GET https://lh3.googleusercontent.com/sitesv/AG8ngQXt6R8Yxy4PEtLyQMAhUOOjdy399XWBsPFTWKqMgeLu4y3UNtSWiROFWcuk1ZYSAdlpfiXzUXrUgOktXyhIPuflsqnl-aRFbEqnBfdmJ1ez5fZRa1V86yObZUVXBKDmjNZgrs8GOdhB3IGSY_lkN6F2e20bdOUK2c6BXTtr6sk5hBipy8_Auay8WunBzFH0cIgCkxLCLp_d5mU2jlD80jCb9q3JRm9Z3eMHxnyQ=w1280 → pending (?ms, ?B)
[2026-09-01T03:25:19.085Z] GET https://lh3.googleusercontent.com/sitesv/AG8ngQUsmXNAvsenbAT-g8ore-2K-HQWAS6xVSj4kK8dUQZhB0r6fA37UEMBU92aKFdno9NhjcM_kHJGcTweRbD7MOXjWonEW5VGHizOzhLt1p6BwQWxwHFHsvbDixrui4AHc7gWl4ZBY6EoVbq3QUXnty82BNJn64wsIVt1FR6qTPdQ0-htGEFPC9JJbpq7ORyZtaStyGrY0GntXDWtVS7tDkAsgEXNN4P7F0YlsrfQHlw=w1280 → pending (?ms, ?B)
[2026-09-01T03:25:19.085Z] GET https://lh3.googleusercontent.com/sitesv/AG8ngQVXegdPKnGLf3ebfFGdJaU5VkwJaJA6dUclig0YSsJ5kCILK7q_l684Ra8JWlsJSOnVDWtR-IKKAcaDUfXsm6TEnltmqdqZdALNA3srVq_v-uoZ-rx3KAOsMv7XTZ-_CopoovvlnSJnfrqKT2mZPGi9S9i1_FmqFY3vyn2KuJ0eerLv832fnQKyWqh0FEc3CqVE3usu657FRw_euNOC_hBhQNZ9AOQiQQ_FxuIs=w1280 → pending (?ms, ?B)
[2026-09-01T03:25:19.085Z] GET https://lh3.googleusercontent.com/sitesv/AG8ngQVOwCvjdNsgGgt-PERZvUhMusCR0YWUFp4AljoZTZXtVs9cY94hXkpKfS2MfBtFKs0S3xl1E1hebE7P3jOgiAjZBjmH3lmZAVRBeu4M7WL8cYxxtBe6bS6Q-CQD8KEtyZ68uprVPXp4jYLvH2rOb9vflCljo-S67S1L_QmbAnoRUbg7q_kPO2ZwQyhdAEVk_2V-V3nUF3PQwIm_24pOWIw2UYzxozNc6E2ELWx6JwU=w1280 → pending (?ms, ?B)
[2026-09-01T03:25:19.085Z] GET https://lh3.googleusercontent.com/sitesv/AG8ngQU6jXbY_-W--7FFwGvLUbnd90PGSUG04xGffqLkhhzt60oX7SgQCXOGB-ZfNIl7CyL0j90KzETebt9XyOjtJyAQyQksIHmR7PZtw3evsA5NOu05ya6jbWhmaatsi1x_eS3TGP43CExfLWzkiL5oN3dGb4lwc18_bhzuBxEjT1JkkCR_BD-veJDbcXO14wYWeydlq6ztJpNW-ROzHUKpgaRucxMjFb2uFGAYfIK8pOk=w1280 → pending (?ms, ?B)
[2026-09-01T03:25:19.085Z] GET https://lh3.googleusercontent.com/sitesv/AG8ngQVg4I-evbXonEwwpPrv_5MbPjYW6_4XvFjPIt3P_j1x62OEce7gKq18DheOmaCmQk6I85fu2s5vCe_zd3RuiKu7BCc6oGOMpCYWwDv8odviIQL6YV1mokjcel0NTdw-zB7yWSyMmP2BTBJsFVt3BDXVihddtKshmv2ptgKXiaAQ657m6ZMZdkjgJq4L4djpFlMXp7-Z_zaK4gm4AmdAABH-lpHKNZ0diEQp-g_K-yE=w1280 → pending (?ms, ?B)
[2026-09-01T03:25:19.085Z] GET https://lh3.googleusercontent.com/sitesv/AG8ngQWInDq1VvZOHgb6e6jdPjY85a4TYkxeVoRfFD8ceJ06WVIT8Isj5809w8bQ2_ljD38xh5eCzJay-muU2IGqPZRqyPOWzEcNnl80tVx7qaysTR56XXA-h_q_aoizZpOKAqa_ICzB68nyLIJK6bLNOURe2Rgv8TykJZ4jGPpfUxBOolD4T_K_olxvnWsEWX-gyL3UK-_NPY_LihtVnWOfUvWEaHuk7vc-Rd0chvgHh3c=w1280 → pending (?ms, ?B)
[2026-09-01T03:25:19.086Z] GET https://www.gstatic.com/_/atari/_/js/k=atari.vw.en_US.l4VLTz75WC0.O/am=IAACDAAE/d=1/rs=AGEqA5nkRSfxbPdnl2LhmdAy2jUfgO7YdA/m=view → pending (?ms, ?B)
[2026-09-01T03:25:21.137Z] GET https://apis.google.com/_/scs/abc-static/_/js/k=gapi.lb.en.zhTT8Br0Ho8.O/m=client/rt=j/sv=1/d=1/ed=1/rs=AHpOoo-7LeULGjNQZRvhdu3G71akb6JY6A/cb=gapi.loaded_0?le=scs → pending (?ms, ?B)
[2026-09-01T03:25:21.137Z] GET https://lh3.googleusercontent.com/sitesv/AG8ngQWKmiGtXS1OcSV1z3aXujtv16rn1xlqS9a2CausYFNWKdYjnZeLTIBkpnJY_sU64fVurOguoexhi6nBlWbjlBPF7jGK6rWKEwMYfhSsLfDiSwpUKE5ltCHhKCsg0pwUkNgQ-D5r7x32z18DhXmxecaNefvrxne86-o43HKif5IGF1fwLMNQrgp3KvCaKIM=w16383 → pending (?ms, ?B)
[2026-09-01T03:25:21.270Z] GET https://fonts.gstatic.com/s/roboto/v51/KFO7CnqEu92Fr1ME7kSn66aGLdTylUAMa3yUBA.woff2 → pending (?ms, ?B)
[2026-09-01T03:25:21.446Z] GET https://lh3.googleusercontent.com/sitesv/AG8ngQVJi_T0teqpwbus1sVproBVnhszW0saeQUScfVr7AapYkMgBKEjdFrBZqK_MkiFermia2FMIG3WV4_wSaRM3yxiB003iAEAU7I5tqSQWzS9HIJ0hWLIGbfBxbw3tBU0YOqqUawQ1Oe0RBjA7jN_epZwYx9TGlTxH1iCcN53GUCQs_Md20rJtXacomAx=w16383 → pending (?ms, ?B)
[2026-09-01T03:25:21.446Z] GET https://lh3.googleusercontent.com/sitesv/AG8ngQUIlA9RS3TFt93HfvtE7eqTyZVP1ZoWfWl-4R0IESaaAz0TkMhD_vseS4J_Qn6irUaiFxsFo0zSVlymAjuUHc_Wmg-6fJT-TqUyTkJr2YFIRirTvn8aQZJrSjSaNwCTZCK6ml9jA7fWXQrE0S0nTR9_lefqOBaSBSo12_29TSFlv6mI24fTQUgmMeApwR8=w16383 → pending (?ms, ?B)
[2026-09-01T03:25:21.446Z] GET https://lh3.googleusercontent.com/sitesv/AG8ngQUZLRQUco4GwQvMCfKJs5ozp1bsQz1kYMUWa_GZzl-UY8zk_glC0Dv_STYMRMOVoB5pjbJjw6EJzyTD-K6KBTGk99nYo2efO-AXPRRsuowRIAJotWlrMicFY2Cmb3XDwm7Tu15QbU9TlzH4cH_tj0jDfRlusUO_-FnfpL-sB0mWifrXWzabcqcaf7tWfgo=w16383 → pending (?ms, ?B)
[2026-09-01T03:25:21.446Z] GET https://lh3.googleusercontent.com/sitesv/AG8ngQXPN3gjI2ESh6duRTNINJVZiTmCeEl57BMzZ8qTLSK8qgo_l6FB6Cgc3ZfRSCvYppH37XMc4kePaFgn6XKyNKvOkex0aErrtW4MsZUdv94qU4SEYikJ4iH9csDpj8tZTFxm92slC6eM9i7A-gVT6Ap1rU31lEW7ssa_nc_WTneTCP58MYEbERF-85uDCwA=w16383 → pending (?ms, ?B)
[2026-09-01T03:25:21.446Z] GET https://lh3.googleusercontent.com/sitesv/AG8ngQV0BIARh0NWk6T8T8DPwZHvqkN8qGLU-wdg8T5Q-I3bdGjR6vHCLNkSOc_hKk4TRqokph3FJd4fcvS8JAIYtna6mTrH-1INu_KmcI9lPDMoMphyv9mnOyaL05ObQ78mgZC4sGYKHTq00wqZiPx5mboy_I9pug6cHnXxxC02OSCtpX8o8LYI7wifzpiM7xI=w16383 → pending (?ms, ?B)
[2026-09-01T03:25:21.448Z] GET https://lh3.googleusercontent.com/sitesv/AG8ngQW_KcaIs4rug2ZdFQcCl2Xb8Byeba0z-eIhFKK1qixeI1AaXc0bJQZsM9PEKtALbXV8gQyd8nIO99hTYD0z8UH3cfPIaHBQEXToR0CKjE4iNTBFMK4AcgU6DOx9l2wtAqi8z93KBQ19uz97R1f8XAVie_XxfeEIoqGbN8nKCHODzOo_mECIEJ2sWYlq=w16383 → pending (?ms, ?B)
[2026-09-01T03:25:21.448Z] GET https://fonts.gstatic.com/s/googlesans/v70/4UasrENHsxJlGDuGo1OIlJfC6l_24rlCK1Yo_Iqcsih3SAyH6cAwhX9RPjIUvQ.woff2 → pending (?ms, ?B)
[2026-09-01T03:25:21.448Z] GET https://fonts.gstatic.com/s/poppins/v24/pxiEyp8kv8JHgFVrJJfecg.woff2 → pending (?ms, ?B)
[2026-09-01T03:25:21.448Z] GET https://fonts.gstatic.com/s/poppins/v24/pxiByp8kv8JHgFVrLGT9Z1xlFQ.woff2 → pending (?ms, ?B)
[2026-09-01T03:25:21.448Z] GET https://fonts.gstatic.com/s/poppins/v24/pxiByp8kv8JHgFVrLCz7Z1xlFQ.woff2 → pending (?ms, ?B)
[2026-09-01T03:25:21.448Z] GET https://fonts.gstatic.com/s/kumbhsans/v27/c4mw1n92AsfhuCq6tVsaoIx1LQICk0boNoq0ShNPVo0.woff2 → pending (?ms, ?B)
[2026-09-01T03:25:23.584Z] POST https://www.google-analytics.com/g/collect?v=2&tid=G-XRQ92MLXDH&gtm=45je68s1v9243598106za200zd9243598106&_p=1788233121130&gcd=13l3l3l3l1l1&npa=0&dma=0&gdid=dZWRiYj&are=1&cid=1809352281.1788233124&frm=0&ngs=1&pscdl=noapi&rcb=8&sr=1280x720&uaa=x86&uab=64&uafvl=Not%253AA-Brand%3B99.0.0.0%7CHeadlessChrome%3B145.0.7632.6%7CChromium%3B145.0.7632.6&uam=&uamb=0&uap=Windows&uapv=19.0.0&uaw=0&ul=es-mx&_s=1&tag_exp=115938466~115938468~118897920~118897930~119793973~120213116~120385422&sid=1788233123&sct=1&seg=0&dl=https%3A%2F%2Fsites.google.com%2Ftec.mx%2Femprendimiento-tec%2F&dt=Experiencias%20de%20Emprendimiento&en=page_view&_fv=1&_nsi=1&_ss=1&_ee=1&tfd=8737 → 204 (537ms, ?B)
[2026-09-01T03:25:23.994Z] GET https://www.gstatic.com/_/atari/_/js/k=atari.vw.en_US.l4VLTz75WC0.O/am=IAACDAAE/d=0/rs=AGEqA5nkRSfxbPdnl2LhmdAy2jUfgO7YdA/m=sy4b,sy4c,sy4a,FoQBg → pending (?ms, ?B)
[2026-09-01T03:25:23.994Z] GET https://www.gstatic.com/_/atari/_/js/k=atari.vw.en_US.l4VLTz75WC0.O/am=IAACDAAE/d=0/rs=AGEqA5nkRSfxbPdnl2LhmdAy2jUfgO7YdA/m=sy76,TRvtze → pending (?ms, ?B)
[2026-09-01T03:25:24.030Z] GET https://www.gstatic.com/_/atari/_/js/k=atari.vw.en_US.l4VLTz75WC0.O/am=IAACDAAE/d=0/rs=AGEqA5nkRSfxbPdnl2LhmdAy2jUfgO7YdA/m=LLHPdb,sy2y,ws9Tlc,cEt90b,sy87,KUM7Z,MpJwZc,n73qwf,A4UTCb,sy2x,L1AAkb,aW3pY,RyvaUb,sy2t,sy39,owcnme,sy3a,sy3b,O6y8ed,mzzZzc,CHCSlb,qAKInc,sy3n,YXyON,sy3s,sy3r,iTeaXe,sy78,abQiW,sy14,sy13,sy12,syx,syw,sy3c,pxq3x,sy3d,syq,sy3e,sy3x,syy,sy29,sy3f,sy4q,sy77,EGNJFf,V3dDOb,sy2w,ENNBBf,syh,syj,syf,syg,syd,syp,syc,sy3i,yf2Bs,sy1i,sy1p,sy1e,sy1c,sy1f,sy1n,sy1k,sy1o,sy1h,sy1d,sy1j,sy1l,sy1m,sy1g,syt,sy37,fmklff,TGYpv,XVMNvd,sy84,yxTchf,sy85,sy86,xQtZb,iSvg6e,N5Lqpc,sy3v,sy3w,sy3t,sy3u,sy3q,sy3y,sy3z,pc62j,qEW1W,oNFsLb,syk,syn,syo,sy3j,sy3k,iwfZq,m9oV,sy30,RAnnUd,i5dxUd,sy2z,sy31,sy32,sy33,sy2e,etBPYb,i5H9N,SU9Rsf,sy34,sy35,sy36,sy2c,sy2f,PHUIyb,qNG0Fc,syu,syv,syz,qTnoBf,NJ1rfe,ywOR5c,sy38,sye,wg1P6b,EcW08c,sy3g,sy3h,t8tqF,qddgKe,sy7a,SM1lmd,eEDsnd,sy10,sy11,sys,RRzQxe,sya,sy9,sy17,sy21,yyxWAc,sy0,sy1,sy7,sy2d,sy6,sy2b,sy2g,sy2a,sy28,sy2h,sy2i,sy1t,sy5k,syr,sy19,sy20,sy72,syb,sy4j,sy6v,sy18,fNFZH,sy79,sy3p,sy4p,sy2j,i16Xfc,sy4d,zJMuOc,RrXLpc,sy43,sy45,sy47,sy4e,sy4f,sy4g,tCGzVe,Ej8J2c,odWSx,cgRV2c,sy1z,sy3o,sy57,o1L5Wb,X4BaPc,vVEdxc,sy4,sy5,sy3l,sy4i,RQOkef,sy25,sy24,sy26,sy8,sy16,sy1v,sy1w,sy23,gaMBzf,sy6w,sy27,fVuHhf,sy70,j1RDQb,sy4l,sy4t,sy4s,sy4n,sy4k,sy4o,syi,sy1s,sy46,sy4h,sy4m,sy4r,sy4u,Md9ENb → pending (?ms, ?B)
[2026-09-01T03:25:24.035Z] GET https://www.gstatic.com/_/atari/_/js/k=atari.vw.en_US.l4VLTz75WC0.O/am=IAACDAAE/d=0/rs=AGEqA5nkRSfxbPdnl2LhmdAy2jUfgO7YdA/m=sy1q,sy1y,Ae65rd,rCcCxc,sy73,gJzDyc,uu7UOe,CuaHnc,sy7c,uY3Nvd,sy7b,soHxf,mxS5xe,sy6q,HYv29e → pending (?ms, ?B)
[2026-09-01T03:25:34.273Z] POST https://sites.google.com/_/view/naLogImpressions?authuser=0 → pending (?ms, ?B)
[2026-09-01T03:25:34.279Z] POST https://play.google.com/log?format=json&hasfast=true&authuser=0 → pending (?ms, ?B)
[2026-09-01T03:25:35.225Z] GET https://www.gstatic.com/feedback/js/help/prod/service/lazy.min.js → 200 (198ms, 40646B)
[2026-09-01T03:25:35.226Z] GET https://www.gstatic.com/_/atari/_/js/k=atari.vw.en_US.l4VLTz75WC0.O/am=IAACDAAE/d=0/rs=AGEqA5nkRSfxbPdnl2LhmdAy2jUfgO7YdA/m=IZT63,YYmHzb,vfuNJf,sy7r,sy7w,sy7y,sy8a,sy88,sy89,siKnQd,sy7q,sy7x,sy7z,YNjGDd,sy80,PrPYRd,iFQyKf,hc6Ubd,sy8b,SpsfSb,sy7t,sy7v,wR5FRb,pXdRYb,dIoSBb,zbML3c → 200 (223ms, 11312B)
[2026-09-01T03:25:35.226Z] GET https://www.gstatic.com/_/atari/_/js/k=atari.vw.en_US.l4VLTz75WC0.O/am=IAACDAAE/d=0/rs=AGEqA5nkRSfxbPdnl2LhmdAy2jUfgO7YdA/m=sy42,sy44,fuVYe,sy48,sy49,CG0Qwb → 200 (245ms, 13391B)
[2026-09-01T03:25:37.256Z] POST https://sites.google.com/_/view/naLogImpressions?authuser=0 → 200 (154ms, 67B)
[2026-09-01T03:25:37.259Z] POST https://play.google.com/log?format=json&hasfast=true&authuser=0 → 200 (162ms, 151B)
[2026-09-01T03:26:00.215Z] GET https://sites.google.com/tec.mx/emprendimiento-tec/lab-idea-trailing → 200 (458ms, 44414B)
[2026-09-01T03:26:00.724Z] POST https://www.google-analytics.com/g/collect?v=2&tid=G-XRQ92MLXDH&gtm=45je68s1v9243598106za200zd9243598106&_p=1788233121130&gcd=13l3l3l3l1l1&npa=0&dma=0&gdid=dZWRiYj&_eu=AAAAAAQ&are=1&cid=1809352281.1788233124&frm=0&ngs=1&pscdl=noapi&rcb=8&sr=1280x720&uaa=x86&uab=64&uafvl=Not%253AA-Brand%3B99.0.0.0%7CHeadlessChrome%3B145.0.7632.6%7CChromium%3B145.0.7632.6&uam=&uamb=0&uap=Windows&uapv=19.0.0&uaw=0&ul=es-mx&_s=2&tag_exp=115938466~115938468~118897920~118897930~119793973~120213116~120385422&sid=1788233123&sct=1&seg=1&dl=https%3A%2F%2Fsites.google.com%2Ftec.mx%2Femprendimiento-tec%2F&dt=Experiencias%20de%20Emprendimiento&en=user_engagement&_et=37114&tfd=45861 → pending (?ms, ?B)
[2026-09-01T03:26:00.727Z] POST https://play.google.com/log?hasfast=true&authuser=0&format=json → pending (?ms, ?B)
[2026-09-01T03:26:00.727Z] POST https://www.google.com/g/collect?v=2&tid=G-XRQ92MLXDH&gtm=45je68s1v9243598106za200zd9243598106&_p=1788233121130&gcd=13l3l3l3l1l1&npa=0&dma=0&gdid=dZWRiYj&_eu=AAAAAAQ&are=1&cid=1809352281.1788233124&frm=0&ngs=1&pscdl=noapi&rcb=8&sr=1280x720&uaa=x86&uab=64&uafvl=Not%253AA-Brand%3B99.0.0.0%7CHeadlessChrome%3B145.0.7632.6%7CChromium%3B145.0.7632.6&uam=&uamb=0&uap=Windows&uapv=19.0.0&uaw=0&ul=es-mx&_s=2&tag_exp=115938466~115938468~118897920~118897930~119793973~120213116~120385422&sid=1788233123&sct=1&seg=1&dl=https%3A%2F%2Fsites.google.com%2Ftec.mx%2Femprendimiento-tec%2F&dt=Experiencias%20de%20Emprendimiento&en=user_engagement&_et=37114&tfd=45861&gaf=1 → pending (?ms, ?B)
[2026-09-01T03:26:00.745Z] GET https://fonts.googleapis.com/css?family=Google+Sans:400,500|Roboto:300,400,500,700|Source+Code+Pro:400,700&display=swap → 200 (1ms, -743B)
[2026-09-01T03:26:00.747Z] GET https://fonts.googleapis.com/css?family=Kumbh%20Sans%3Ai%2Cbi%2C700%2C600%2C400&display=swap → 200 (182ms, 1509B)
[2026-09-01T03:26:00.748Z] GET https://fonts.googleapis.com/css?family=Poppins%3Ai%2Cbi%2C700%2C500%2C600%2C400&display=swap → 200 (?ms, -743B)
[2026-09-01T03:26:00.748Z] GET https://www.gstatic.com/_/atari/_/ss/k=atari.vw.aSyuBU2ZkRc.L.W.O/am=IAACDAAE/d=1/rs=AGEqA5nynIqRTnfpmbAdLcnbMGD_o1xU2w → 200 (?ms, -732B)
[2026-09-01T03:26:00.751Z] GET https://apis.google.com/js/client.js?onload=gapiLoaded → 200 (?ms, -839B)
[2026-09-01T03:26:00.777Z] GET https://www.googletagmanager.com/gtag/js?id=G-XRQ92MLXDH → 200 (?ms, -586B)
[2026-09-01T03:26:00.778Z] GET https://lh3.googleusercontent.com/sitesv/AG8ngQVLkgRewTqbwk4yJDhbT9o2n0JiZt9KVktBZvHEMC0QPZcxhJwCRj-xaWvkJjDwMcrZF6-E2TP9f3WCe8T4HbDJcYKHOrR4dngxwrdldP7MZIHKe-7ZGccunnSIIkM5z3OVrJXyCkqbqfqnrhJ4aubyEkAjXQhtBM7n594dg1cZVJFb-YHiWu9PCM22g9p8Hpib2r-hYHKvE3pzWCk9WH3DFsUZAOhDShv5VuRK=w1280 → 200 (307ms, ?B)
[2026-09-01T03:26:00.778Z] GET https://lh3.googleusercontent.com/sitesv/AG8ngQWk5R-gZ9o_zJER0laPlsmGfRYZeytZhTwXLuiZJyvUHP-FU9sGX9MWhGzurDfE7wgPizH4mOwfPGkmAe8HynhcEsdJ2sB4lO0-1oPUfBSBG8pvjCrCWOQDZL6nGF2Iq0tZOJvi57gx8IOm35gyQ8jHZaQ6Xed8okxyBngjcIy7LDn31jT05dJ80z7uQj4PodGq4BRsX5tilwA9UypI3HGiUZnSurBTHkxGvhd2jDA=w1280 → pending (?ms, ?B)
[2026-09-01T03:26:00.804Z] GET https://lh3.googleusercontent.com/sitesv/AG8ngQXI3Asux2EY_Q_cJkvb_J795ke-y_QvgGyb5fP67K6hC4rpVHVK8F9qWRXhofF-yEU0qAyUO8r9M8AY1n0EhvUDD8EEY2WAIs5DS-sySpy9gbwhO3ZXKv9qYyfN2kjzboM_sDWAOWvUxAXgs-GXtsI-Y9SFOGbC3945nfgg7ysDDo2iBUz80ZMlqxIx2Zv-Mp3dPnMfI6KgTKwezR1CljKEGCGsLcYWQB8LuRZx=w1280 → pending (?ms, ?B)
[2026-09-01T03:26:00.805Z] GET https://lh3.googleusercontent.com/sitesv/AG8ngQXnyFKnjh1syVCX5G-aKPdJnElAjWSgpUlxx2Zq3xcydmwu-GCRmmpGAVvls1v2QojSlD6s7JQXJDTStVT_-LdyXC4PQLvPlx3deVD23ccCmDIKg6DGUVB4nvaDuMxdEQ-2NXPQtH_DHcGrl8781l__nkdX6rICfxDb00-v3rzIgWfSFZeYb-scimUHourHYfCgF5mxf5szD_I4pPxcjsCQoMFky3ehzBXTKuya2po=w1280 → pending (?ms, ?B)
[2026-09-01T03:26:00.805Z] GET https://lh3.googleusercontent.com/sitesv/AG8ngQW5tTAbDVIDx_LsudYpxmtUD1hND3SpEszgHnsaU-ND3Iax0dIVWnW5QF7W_Qex5jx4fpPQKpoX-zgzGv4wj82qzlQLEl4Vw0BE66WaWVJUVXWHcumHmXyRsEQ9rtqZ22Q88LTbgjy-1C7-f8TurV3jqt6HGXU5wPcSNZsMWiztVwn6OFouUT4LogHPPFiZF_ugmQ5pBa6wo_Aa8rLavELLiunblGgzyW5r_s_F8vo=w1280 → pending (?ms, ?B)
[2026-09-01T03:26:00.805Z] GET https://lh3.googleusercontent.com/sitesv/AG8ngQWYZCnnVLbsiZ1bBEexRg7fzcK8JuDNUi0SrEu_KWi8dugb2qpsinjTaHUveZLuM30HolJBhnSARCkwiaPaBzZE4bgZJA_eoDzPjiQgmpcDEZlui3TKzxeNu8ABoYBbw-gQ9DvCvwkdzgzLjEO9Eq_J0qP8WLY-5Z68QQqZW3suByH4uK4gzwvc02nb7sndDX2tV_TmYO1-xaqpgKn3SmpOOU2e3KPX7_VXQXPfFCA=w1280 → pending (?ms, ?B)
[2026-09-01T03:26:00.806Z] GET https://lh3.googleusercontent.com/sitesv/AG8ngQVmxl14_BDd9JSQhZg5kRoQ4V420OcYMbwLt2mNctseUbhIm1-zOVEpgaVlSUo9YoKnTP5_ngWqFPYfz8doWMtia2gEu8u5JSKKhEJUdU6UX_XSKX3GdHtFqcmldr5me26AOBYQd4Lj3YtklQWt-RWPEH6us1AqoDABPcFA70OMsr_Cy7CvQHajedmEcd39AzUAOcDcL7g7I5qYSuk8O3HuIeCGOWz4ItdgocdNOqc=w1280 → pending (?ms, ?B)
[2026-09-01T03:26:00.806Z] GET https://lh3.googleusercontent.com/sitesv/AG8ngQUeH8MKbz4Vrhq3CJFakeWjTM4ts5y8FJ0NV07zXmfD2Hkkq-44JPwJr-JY7lEPEQP1WpouFxyRc4U4ZkAFz99z37uwZd9YZibAeNrZPx6WeTMBIBAzvSid27GRnOG60_bRi21GiLGa14mFRrBQBmkByi1OcZ5G4afkg9rA4tuvlQHuEyVoqGZ_n59Z5vAk2Us3YdYd5h6MP3sA6hZpP4qvNd2ZoSSN6TyqymClocE=w1280 → pending (?ms, ?B)
[2026-09-01T03:26:00.806Z] GET https://lh3.googleusercontent.com/sitesv/AG8ngQUItWGmSVQ6AexzHhs31k_SZYFbYHVi70CdZzeS6aPaVgz9vX8WE0bi4ECw8whIJWVb3I0u8bmZSHzqbYlc-uiFlpjk1G8DH75DlxzE8JKt90nnCtrEebdjiE9exwlBdAw4d5k2ZeG5gB8VN1QAWiKgMW9ji8uFYI-ieBDvKrInZ8qSd0GVV74cVfuM_4JUGaT3tJLGqPeZR8BgeE5N4kr5WwpiEH6-hiZCRRIubEw=w1280 → pending (?ms, ?B)
[2026-09-01T03:26:00.806Z] GET https://lh3.googleusercontent.com/sitesv/AG8ngQXP-kTV0XSOkecMQF3yW56XVUGMPaVlz6b1EZ1oOReLdffnUowoGWxXXWuRfh_GRzjDAugls6xBKnsOH50qGFp6Wz1PfIMAOz7Tj1_oJcWDHUuZPBCGU9N-o5NLcqvyyUAv_wPuQY8BU4j7mPHjQFc6tOHPlSzIW2_vnnYz_jgWfC0g4ku52UD9OhqQimGwDwiQ9XzZGW08D7ySbbtN92L3-WaXAqpIvZxyrRQITts=w1280 → pending (?ms, ?B)
[2026-09-01T03:26:00.806Z] GET https://lh3.googleusercontent.com/sitesv/AG8ngQVn0ILdr3qEvrKD_8zqdLMPSpXUzKV-UkgunEsSBE2nQAEWTujAQNQCsp8QeEIItDerZfHN6HSAuAcUQsx9PHY0XzFF2MDImw2NeksDiGI4azS99U3cDFeOkmPOTDX_xnOrbxIFbWjJUtd1W1GBhk-obwd7rlyZIRNyukNG6nMzXRZHYHXiIcR5W6Xi__1F2Hmg8uQiwAkpe0zfRBCZAqxUnFCZShsMA4rNA4WI-_E=w1280 → pending (?ms, ?B)
[2026-09-01T03:26:00.806Z] GET https://lh3.googleusercontent.com/sitesv/AG8ngQV9BvZSXM5Gitr-Z_sKVBGx8xXfJyk1y3FcpzLCVKStifp7U7jidqeazLtRFTJ6uDTNqbXqFT80bIMYypcB035hk9_QSSvHeCsRO2ipq0zHv8jAdJ0plg5TZ51rREnChiYsz_uTkFzp0FURcPfIoAUhwKzcAn0Iwu_0pHQC3VNmhhIiGUOFTfDYGXiaLMIF0TC7altTwHKYkkNeXNQQXG4jVi_tzlxtiFzpCuJ6PAA=w1280 → pending (?ms, ?B)
[2026-09-01T03:26:00.806Z] GET https://lh3.googleusercontent.com/sitesv/AG8ngQW27cDhYJ9CNzngVJEtASZ43dFW62ZDDGrRMSFwhQJzIpIAtvWUmhJRodNhPL9Q6uGfVjUJXgiWxwMlSXBGAJNeT70nPZA_4_XZearUoC52-19tiZeb98ijjf0wJTq5QlV5kcSdD9RGBM6OP8uyUgVdYBpuJiHgrTEocqEUHiSI_byLOz3ourKjk82y6kwjO0pHRZknuHinrJxtSjNpYPzpIhbPRq8SNFiBrJLAX_M=w1280 → pending (?ms, ?B)
[2026-09-01T03:26:00.806Z] GET https://lh3.googleusercontent.com/sitesv/AG8ngQVSAwLG86RWMHsTbc1RUMPk7MGpzc4awZ9uw2j1eEcdbwP_LdKRObF3qDvlOoDyrN2WvGpytOq0NBLUvfvnDU6bk82-mdJmwQgy8Hj-29Ee3ObWDHASE62Zf1d43j7O_NqufuYDPYWmHoFIVSyaCE7HpcyJj0zllbZloHEXQsqeRSKJPfl35L_9bT1PFAEMmI0Ten2oxB7Cki8Q4WZwrmfTKTbrj1SiYJWS7d2C4C0=w1280 → pending (?ms, ?B)
[2026-09-01T03:26:00.811Z] GET https://lh3.googleusercontent.com/sitesv/AG8ngQV5tLSzqngeN4D2OQsyGC1WtVkCQVi_fW5R53CNbirnvRJAqiOewh6f8kNivqsqTA003k3O9r_92fKR6JERx2jPzBF3Wr7MHIbHuXV9D3zDxwGpikvio5MRjDCyv4T5FFB6IObnuE8ngkdxTtSASnC5P8h_bJePja4XWmCup8Gp26li2Tv_aDCogi2ATN2OJks6u90kf6diPxqqbvk8yD7_MPDKuwIIQJr0cuDt=w1280 → pending (?ms, ?B)
[2026-09-01T03:26:00.811Z] GET https://lh3.googleusercontent.com/sitesv/AG8ngQXA3Gw-wpE2zF8QQFop_weqo79-83isRFdGrYBcaiMbC_r1vb8EqloZMzQ_MOC_C-5mV0_DPYYUskB-gbAxpYGeLf-nW3ctsp4OHUlvnoRqXhaO8FpKshygbIYvDqJvA9jFhx5xM8dQktTuJiFCZzhzkKmjvkvRJenFARhilzW6xfclkndbpsttIdORdPEuxA8VdBItcpPr4JcKWuBJciWH1YAwFGj5_tOyzq0XgqY=w1280 → pending (?ms, ?B)
[2026-09-01T03:26:00.812Z] GET https://lh3.googleusercontent.com/sitesv/AG8ngQVAC52vxzWXE88rSYuHqeuxU-qAJBeXbAe7vpGmM3sx-GbfeRFiU5JVi5pTAq4gob57Drl3O6lJRp6rhDl3wtBsh7shUDw0BY7G8o-174o6uotteh0Q4iYGJ1-SM2LQROWQRWEXExPpkqTH6SWLGdCHVLdGhD8njA0OqMhtp_DiTk_OFPYO_77eAmQf7scDbNyJYzyzJdegAIb7P1RcFL0ehqlXv-HCoM5ldocE=w1280 → pending (?ms, ?B)
[2026-09-01T03:26:00.812Z] GET https://lh3.googleusercontent.com/sitesv/AG8ngQVFAFQdS1Y1g5OFe3dPmpSiZfXu1jQ97ujf7rlrYktmQD8QbF3FBcXBeDFEXygIzMezBFn6y5aDvkg-Mohj_OjoGQDEddbmdyRjKGFRCrHz4woc41yIANHTWUnYEMBFf_OyxWfb27DaSAkyIi_7nqWxNkFAdfhs4hI0NaceOQWA244zYkc57BjAd9wnC9DmkMwuaho9t_bBEJ58y6NlBiVRVgUpH--HzTm9nTin9hc=w1280 → pending (?ms, ?B)
[2026-09-01T03:26:00.812Z] GET https://lh3.googleusercontent.com/sitesv/AG8ngQXK-nehmwqnSRSAIG7CcVHWfbOzXM5sf0fTztwHaJHjopNL9Q0r8t7MzhZa0j5_qJR8RgEhQgdSoOghBD165-qvIz8_ayb1_x3re5g3N_3Ma86svJyLfr98j-9ueUpMbtjtqcP0oJdU8St6TfPQ-FMLSXzqvKTvZsssXcI6Ldt9fXT2uWeJShUtVP-01wMS_QLAY7TZbHWFKCbpSzafTe1VIof-e-xnfqAnVx1Rk4E=w1280 → pending (?ms, ?B)
[2026-09-01T03:26:00.812Z] GET https://www.gstatic.com/_/atari/_/js/k=atari.vw.en_US.l4VLTz75WC0.O/am=IAACDAAE/d=1/rs=AGEqA5nkRSfxbPdnl2LhmdAy2jUfgO7YdA/m=view → 200 (?ms, -739B)
[2026-09-01T03:26:00.963Z] GET https://apis.google.com/_/scs/abc-static/_/js/k=gapi.lb.en.zhTT8Br0Ho8.O/m=client/rt=j/sv=1/d=1/ed=1/rs=AHpOoo-7LeULGjNQZRvhdu3G71akb6JY6A/cb=gapi.loaded_0?le=scs → 200 (?ms, -919B)
[2026-09-01T03:26:00.964Z] GET https://lh3.googleusercontent.com/sitesv/AG8ngQUR_P7UP4o1QvzwuInFvyyo3Cu7cmuf3RYcB-c5dqegEmd36_ubEKgidHZj2vwWiIVPq4iHJOaHzL1i8Q97fSU-t8cTGOKiISxeEVMZ91tPB-jJJ1G7L-lUMslbdOl3YzQFJ9MOWCf0KGolPVIdcFwBiN1TpGrbZqIFbdgIIAn8aQmS_LyRR5APUF87=w16383 → pending (?ms, ?B)
[2026-09-01T03:26:01.075Z] GET https://fonts.gstatic.com/s/googlesans/v70/4UasrENHsxJlGDuGo1OIlJfC6l_24rlCK1Yo_Iqcsih3SAyH6cAwhX9RPjIUvQ.woff2 → 200 (?ms, -815B)
[2026-09-01T03:26:01.081Z] GET https://fonts.gstatic.com/s/roboto/v51/KFO7CnqEu92Fr1ME7kSn66aGLdTylUAMa3yUBA.woff2 → 200 (?ms, -813B)
[2026-09-01T03:26:01.081Z] GET https://fonts.gstatic.com/s/kumbhsans/v27/c4mw1n92AsfhuCq6tVsaoIx1LQICk0boNoq0ShNPVo0.woff2 → 200 (1ms, -814B)
[2026-09-01T03:26:01.082Z] GET https://fonts.gstatic.com/s/poppins/v24/pxiEyp8kv8JHgFVrJJfecg.woff2 → 200 (?ms, -814B)
[2026-09-01T03:26:01.083Z] GET https://fonts.gstatic.com/s/poppins/v24/pxiByp8kv8JHgFVrLGT9Z1xlFQ.woff2 → 200 (?ms, -813B)
[2026-09-01T03:26:01.083Z] GET https://fonts.gstatic.com/s/poppins/v24/pxiByp8kv8JHgFVrLCz7Z1xlFQ.woff2 → 200 (1ms, -813B)
[2026-09-01T03:26:01.401Z] GET https://lh3.googleusercontent.com/sitesv/AG8ngQWz7uTf2xfMrp9XKv2J1tgbm9pMFqqArKQeidDoi7pXECP_DAcz8DFY46T4X9rsqA-Sp7hV7ARZ4Qfi82xgcL4mSOZeisnWo2yrt8hXRrGowjdv79Ppt_LmlaXpefjgvsgBR49OS1GVq_FIvqliuczrarP4X0RMj0LxONkUk3QdUcTo1NqZNiyZQYpQ=w16383 → pending (?ms, ?B)
[2026-09-01T03:26:01.401Z] GET https://lh3.googleusercontent.com/sitesv/AG8ngQVvdg7o3htah2sGdeTlpctlYnibexTTGzz8e8jeLPPR36rGwYV8OL-GNoIhxzVKU8yPvS76_Z782Iv6RsbT8hGwCuci2q97Oi_hw4WStsosddiwrh-MrRP-NIg1iaVw5bNwA6g-OhuSKyzpX1dE5c3QCGhviU608jW91E434WVhJ2dRNnllckggKGkCHBQ=w16383 → pending (?ms, ?B)
[2026-09-01T03:26:01.402Z] GET https://lh3.googleusercontent.com/sitesv/AG8ngQWRXP0ekZ5cA6thQ_9Zgq2tNZfPRug1q5teGJ0GdJhoPjJ5BQ4BstdATG7vowKj11GvE-63kldhUaHBO7CI60uMvL7A5QfTT_RznFAGEokqkXt15aH6ocj8K-_edR_9wN7FfGXbpIqNJpHq77hpvXUchhuxU0cFAPBjJBDd9ue7B6Xh2gnnCYU3iOyn2TQ=w16383 → pending (?ms, ?B)
[2026-09-01T03:26:01.402Z] GET https://lh3.googleusercontent.com/sitesv/AG8ngQVQ1HOtbyLmln9LSVbUUF5CPXlDGpHFDTBPNJm-rt_nzT5EKWuPsifoUQL7NLQrcqMk7me1MnXq8Vyb0U9lL-nnCfN-beqVmwxeDailAEGH5kMGYGnvJWkcvUensgaSlI7LPuoEY-JTrhYH7p7magNzynxW3VugAI-JxC2bd5xi6zSZhx0pUIDbWviYr4A=w16383 → pending (?ms, ?B)
[2026-09-01T03:26:01.402Z] GET https://fonts.gstatic.com/s/poppins/v24/pxiGyp8kv8JHgFVrJJLucHtA.woff2 → 200 (216ms, 8785B)
[2026-09-01T03:26:01.406Z] GET https://www.gstatic.com/_/atari/_/js/k=atari.vw.en_US.l4VLTz75WC0.O/am=IAACDAAE/d=0/rs=AGEqA5nkRSfxbPdnl2LhmdAy2jUfgO7YdA/m=sy4b,sy4c,sy4a,FoQBg → 200 (1ms, -738B)
[2026-09-01T03:26:01.408Z] GET https://www.gstatic.com/_/atari/_/js/k=atari.vw.en_US.l4VLTz75WC0.O/am=IAACDAAE/d=0/rs=AGEqA5nkRSfxbPdnl2LhmdAy2jUfgO7YdA/m=sy76,TRvtze → 200 (?ms, -736B)
[2026-09-01T03:26:01.441Z] GET https://www.gstatic.com/_/atari/_/js/k=atari.vw.en_US.l4VLTz75WC0.O/am=IAACDAAE/d=0/rs=AGEqA5nkRSfxbPdnl2LhmdAy2jUfgO7YdA/m=LLHPdb,sy2y,ws9Tlc,cEt90b,sy87,KUM7Z,MpJwZc,n73qwf,A4UTCb,sy2x,L1AAkb,aW3pY,RyvaUb,sy2t,sy39,owcnme,sy3a,sy3b,O6y8ed,mzzZzc,CHCSlb,qAKInc,sy3n,YXyON,sy3s,sy3r,iTeaXe,sy78,abQiW,sy14,sy13,sy12,syx,syw,sy3c,pxq3x,sy3d,syq,sy3e,sy3x,syy,sy29,sy3f,sy4q,sy77,EGNJFf,V3dDOb,sy2w,ENNBBf,syh,syj,syf,syg,syd,syp,syc,sy3i,yf2Bs,sy1i,sy1p,sy1e,sy1c,sy1f,sy1n,sy1k,sy1o,sy1h,sy1d,sy1j,sy1l,sy1m,sy1g,syt,sy37,fmklff,TGYpv,XVMNvd,sy84,yxTchf,sy85,sy86,xQtZb,iSvg6e,N5Lqpc,sy3v,sy3w,sy3t,sy3u,sy3q,sy3y,sy3z,pc62j,qEW1W,oNFsLb,syk,syn,syo,sy3j,sy3k,iwfZq,m9oV,sy30,RAnnUd,i5dxUd,sy2z,sy31,sy32,sy33,sy2e,etBPYb,i5H9N,SU9Rsf,sy34,sy35,sy36,sy2c,sy2f,PHUIyb,qNG0Fc,syu,syv,syz,qTnoBf,NJ1rfe,ywOR5c,sy38,sye,wg1P6b,EcW08c,sy3g,sy3h,t8tqF,qddgKe,sy7a,SM1lmd,eEDsnd,sy10,sy11,sys,RRzQxe,sya,sy9,sy17,sy21,yyxWAc,sy0,sy1,sy7,sy2d,sy6,sy2b,sy2g,sy2a,sy28,sy2h,sy2i,sy1t,sy5k,syr,sy19,sy20,sy72,syb,sy4j,sy6v,sy18,fNFZH,sy79,sy3p,sy4p,sy2j,i16Xfc,sy4d,zJMuOc,RrXLpc,sy43,sy45,sy47,sy4e,sy4f,sy4g,tCGzVe,Ej8J2c,odWSx,cgRV2c,sy1z,sy3o,sy57,o1L5Wb,X4BaPc,vVEdxc,sy4,sy5,sy3l,sy4i,RQOkef,sy25,sy24,sy26,sy8,sy16,sy1v,sy1w,sy23,gaMBzf,sy6w,sy27,fVuHhf,sy70,j1RDQb,sy4l,sy4t,sy4s,sy4n,sy4k,sy4o,syi,sy1s,sy46,sy4h,sy4m,sy4r,sy4u,Md9ENb → 200 (?ms, -739B)
[2026-09-01T03:26:01.464Z] POST https://sites.google.com/_/view/naLogImpressions?authuser=0 → 200 (614ms, 67B)
[2026-09-01T03:26:01.614Z] GET https://www.gstatic.com/feedback/js/help/prod/service/lazy.min.js → 200 (?ms, -886B)
[2026-09-01T03:26:01.615Z] GET https://www.gstatic.com/_/atari/_/js/k=atari.vw.en_US.l4VLTz75WC0.O/am=IAACDAAE/d=0/rs=AGEqA5nkRSfxbPdnl2LhmdAy2jUfgO7YdA/m=IZT63,YYmHzb,vfuNJf,sy7r,sy7w,sy7y,sy8a,sy88,sy89,siKnQd,sy7q,sy7x,sy7z,YNjGDd,sy80,PrPYRd,iFQyKf,hc6Ubd,sy8b,SpsfSb,sy7t,sy7v,wR5FRb,pXdRYb,dIoSBb,zbML3c → 200 (2ms, -738B)
[2026-09-01T03:26:01.617Z] GET https://www.gstatic.com/_/atari/_/js/k=atari.vw.en_US.l4VLTz75WC0.O/am=IAACDAAE/d=0/rs=AGEqA5nkRSfxbPdnl2LhmdAy2jUfgO7YdA/m=sy42,sy44,fuVYe,sy48,sy49,CG0Qwb → 200 (?ms, -738B)
[2026-09-01T03:26:01.632Z] GET https://www.gstatic.com/_/atari/_/js/k=atari.vw.en_US.l4VLTz75WC0.O/am=IAACDAAE/d=0/rs=AGEqA5nkRSfxbPdnl2LhmdAy2jUfgO7YdA/m=sy1q,sy1y,Ae65rd,rCcCxc,sy73,gJzDyc,uu7UOe,sy7b,soHxf,CuaHnc,sy7c,uY3Nvd,mxS5xe,sy6q,HYv29e → pending (?ms, ?B)
[2026-09-01T03:26:01.635Z] POST https://play.google.com/log?format=json&hasfast=true&authuser=0 → pending (?ms, ?B)
[2026-09-01T03:26:04.464Z] POST https://sites.google.com/_/view/naLogImpressions?authuser=0 → 200 (171ms, 67B)
[2026-09-01T03:26:04.465Z] POST https://play.google.com/log?format=json&hasfast=true&authuser=0 → 200 (163ms, 151B)
[2026-09-01T03:26:06.838Z] POST https://www.google-analytics.com/g/collect?v=2&tid=G-XRQ92MLXDH&gtm=45je68s1v9243598106za200zd9243598106&_p=1788233160960&gcd=13l3l3l3l1l1&npa=0&dma=0&gdid=dZWRiYj&_eu=AAAAAAQ&are=1&cid=1809352281.1788233124&frm=0&ngs=1&pscdl=noapi&rcb=19&sr=1280x720&uaa=x86&uab=64&uafvl=Not%253AA-Brand%3B99.0.0.0%7CHeadlessChrome%3B145.0.7632.6%7CChromium%3B145.0.7632.6&uam=&uamb=0&uap=Windows&uapv=19.0.0&uaw=0&ul=es-mx&_s=1&tag_exp=115938466~115938469~118897920~118897930~120213116~120385423&sid=1788233123&sct=1&seg=1&dl=https%3A%2F%2Fsites.google.com%2Ftec.mx%2Femprendimiento-tec%2Flab-idea-trailing&dt=Experiencias%20de%20Emprendimiento%20-%20LAB%20Idea%20Trailing&en=page_view&_ee=1&tfd=6619 → 204 (74ms, ?B)
[2026-09-01T03:26:18.842Z] GET https://sites.google.com/tec.mx/emprendimiento-tec/EBC → pending (?ms, ?B)
[2026-09-01T03:26:19.863Z] POST https://play.google.com/log?hasfast=true&authuser=0&format=json → pending (?ms, ?B)
[2026-09-01T03:26:19.863Z] POST https://www.google-analytics.com/g/collect?v=2&tid=G-XRQ92MLXDH&gtm=45je68s1v9243598106za200zd9243598106&_p=1788233160960&gcd=13l3l3l3l1l1&npa=0&dma=0&gdid=dZWRiYj&_eu=AAAAAAQ&are=1&cid=1809352281.1788233124&frm=0&ngs=1&pscdl=noapi&rcb=19&sr=1280x720&uaa=x86&uab=64&uafvl=Not%253AA-Brand%3B99.0.0.0%7CHeadlessChrome%3B145.0.7632.6%7CChromium%3B145.0.7632.6&uam=&uamb=0&uap=Windows&uapv=19.0.0&uaw=0&ul=es-mx&_s=2&tag_exp=115938466~115938469~118897920~118897930~120213116~120385423&sid=1788233123&sct=1&seg=1&dl=https%3A%2F%2Fsites.google.com%2Ftec.mx%2Femprendimiento-tec%2Flab-idea-trailing&dt=Experiencias%20de%20Emprendimiento%20-%20LAB%20Idea%20Trailing&en=user_engagement&_et=18018&tfd=19639 → pending (?ms, ?B)
[2026-09-01T03:26:19.864Z] POST https://www.google.com/g/collect?v=2&tid=G-XRQ92MLXDH&gtm=45je68s1v9243598106za200zd9243598106&_p=1788233160960&gcd=13l3l3l3l1l1&npa=0&dma=0&gdid=dZWRiYj&_eu=AAAAAAQ&are=1&cid=1809352281.1788233124&frm=0&ngs=1&pscdl=noapi&rcb=19&sr=1280x720&uaa=x86&uab=64&uafvl=Not%253AA-Brand%3B99.0.0.0%7CHeadlessChrome%3B145.0.7632.6%7CChromium%3B145.0.7632.6&uam=&uamb=0&uap=Windows&uapv=19.0.0&uaw=0&ul=es-mx&_s=2&tag_exp=115938466~115938469~118897920~118897930~120213116~120385423&sid=1788233123&sct=1&seg=1&dl=https%3A%2F%2Fsites.google.com%2Ftec.mx%2Femprendimiento-tec%2Flab-idea-trailing&dt=Experiencias%20de%20Emprendimiento%20-%20LAB%20Idea%20Trailing&en=user_engagement&_et=18018&tfd=19639&gaf=1 → pending (?ms, ?B)
[2026-09-01T03:26:19.872Z] GET https://fonts.googleapis.com/css?family=Google+Sans:400,500|Roboto:300,400,500,700|Source+Code+Pro:400,700&display=swap → 200 (5ms, -743B)
[2026-09-01T03:26:19.878Z] GET https://fonts.googleapis.com/css?family=Kumbh%20Sans%3Ai%2Cbi%2C700%2C400&display=swap → 200 (?ms, -743B)
[2026-09-01T03:26:19.879Z] GET https://fonts.googleapis.com/css?family=Poppins%3Ai%2Cbi%2C700%2C500%2C600%2C400&display=swap → 200 (?ms, -743B)
[2026-09-01T03:26:19.880Z] GET https://www.gstatic.com/_/atari/_/ss/k=atari.vw.aSyuBU2ZkRc.L.W.O/am=IAACDAAE/d=1/rs=AGEqA5nynIqRTnfpmbAdLcnbMGD_o1xU2w → 200 (?ms, -732B)
[2026-09-01T03:26:19.883Z] POST https://csp.withgoogle.com/csp/proto/6b8ce7c01e3dacd3d2c7a8cd322ff979 → pending (?ms, ?B)
[2026-09-01T03:26:19.927Z] GET https://apis.google.com/js/client.js?onload=gapiLoaded → 200 (?ms, -839B)
[2026-09-01T03:26:19.928Z] GET https://apis.google.com/_/scs/abc-static/_/js/k=gapi.lb.en.zhTT8Br0Ho8.O/m=client/rt=j/sv=1/d=1/ed=1/rs=AHpOoo-7LeULGjNQZRvhdu3G71akb6JY6A/cb=gapi.loaded_0?le=scs → 200 (?ms, -919B)
[2026-09-01T03:26:20.064Z] GET https://www.googletagmanager.com/gtag/js?id=G-XRQ92MLXDH → 200 (2ms, -586B)
[2026-09-01T03:26:20.066Z] GET https://lh3.googleusercontent.com/sitesv/AG8ngQW2L2EItwLGq3xeNGr5fI0lhvOSMoa6mzXCyS9JSlUvNEZ_yJISSFLSWwxFXmQGnk9Gi7ybjOMjr_Ns0SEf3geXVJxdJt1Nfk_BDWKPyfuEVDJ9ZuhuCXUH-4XGDEH5JoN-qQ1xykOHWJTVF_QCod4hXPM-MDDSAgNrEo1vFhS3j6d5jFbFc8oVgSqxC2s=w16383 → pending (?ms, ?B)
[2026-09-01T03:26:20.072Z] GET https://fonts.gstatic.com/s/googlesans/v70/4UasrENHsxJlGDuGo1OIlJfC6l_24rlCK1Yo_Iqcsih3SAyH6cAwhX9RPjIUvQ.woff2 → 200 (4ms, -815B)
[2026-09-01T03:26:20.077Z] GET https://fonts.gstatic.com/s/roboto/v51/KFO7CnqEu92Fr1ME7kSn66aGLdTylUAMa3yUBA.woff2 → 200 (?ms, -813B)
[2026-09-01T03:26:20.078Z] GET https://fonts.gstatic.com/s/kumbhsans/v27/c4mw1n92AsfhuCq6tVsaoIx1LQICk0boNoq0ShNPVo0.woff2 → 200 (?ms, -814B)
[2026-09-01T03:26:20.079Z] GET https://fonts.gstatic.com/s/poppins/v24/pxiGyp8kv8JHgFVrJJLucHtA.woff2 → 200 (?ms, -814B)
[2026-09-01T03:26:20.080Z] GET https://fonts.gstatic.com/s/poppins/v24/pxiEyp8kv8JHgFVrJJfecg.woff2 → 200 (?ms, -814B)
[2026-09-01T03:26:20.082Z] GET https://fonts.gstatic.com/s/poppins/v24/pxiByp8kv8JHgFVrLGT9Z1xlFQ.woff2 → 200 (2ms, -813B)
[2026-09-01T03:26:20.085Z] GET https://fonts.gstatic.com/s/poppins/v24/pxiByp8kv8JHgFVrLCz7Z1xlFQ.woff2 → 200 (?ms, -813B)
[2026-09-01T03:26:20.086Z] GET https://lh3.googleusercontent.com/sitesv/AG8ngQW-15haSAEIrfgebeaUStzNEBZz5-ntYLBYMuFdMpL2oaYt0OANqaSJlrJCcYkkO3AnzFTr6Tpmo0WU0qvhB8m0MAiVaYLMSFbxTW1ihJp2d7dhK2s_X44WwK2XPysj_Z5pThzMs5DgOf6Mh-uv8_k4ahSfJAQBL6JPQ37s_JdTbVGSfksKDb7y6hBS0V3BZFJzGnTu2xFq6nQ9OifzjP5yOg64v6sKZdIqASbAoic=w1280 → pending (?ms, ?B)
[2026-09-01T03:26:20.088Z] GET https://lh3.googleusercontent.com/sitesv/AG8ngQX9QJWshT35-QgQumL61UmFlwrITevmaA6EChe7NwDEsCJltdBzoE3fluANw4zKkEbnfa9xdJSbclqbJSRUrBIKEYXebY_g1s7jIXyZblqvoVcfKq3R6sHSRQMIyLWvnzSpNXRvsTmPXRSb4LucMVngVi3x8Y3DRqYuPB27BUATOo4ouhb4F4dq0Hlwd2WqAEbw5cWCSqZ93y56CtgogPuF8CmV6zMpXGKZ8SLN=w1280 → pending (?ms, ?B)
[2026-09-01T03:26:20.088Z] GET https://lh3.googleusercontent.com/sitesv/AG8ngQWkxkQUfkyzhFRKwP5jYLLQcS4_1IKhHUc8NQzfpKqgO1aCPomkmBEONPWNdTZizEJsBqud2SUMlG85BuhU3ty6H2BRiG8G-ctWU50AYJFoOKGPAqYVmIPtvySMqnACZYQaQ7dwdxGLMhzQMDdUayT8hhzv8hzE6xzNr0GcaawB3Ky8bBK3PbCqNqjMpeY5LMm7IG00JviWqMrUiA7rsgIQP0mzYE4mC4qdSGC-Bnk=w1280 → pending (?ms, ?B)
[2026-09-01T03:26:20.088Z] GET https://lh3.googleusercontent.com/sitesv/AG8ngQUxVJvRW8VHTzSd7EXhFZ7VkuyD9Jtyc_heTqmMA8T2v1qIBQiwn5trV0pYv0C3qeCzTz5STv42QF6O95BUORnDeCI9QoOi-XzfzFpZafAzUtdmFmj9fAq1h_Yt2J7UWwRRqIIlUDaDqzWfMyaaVwV65n9hhGLxG_8g5T2zYAwsMCfUfgaHurd7FsnWy5E6PknCs9dBOvHbtu-v1OmwxN3__3jwYPEY6rxjhLIh5GI=w1280 → pending (?ms, ?B)
[2026-09-01T03:26:20.124Z] GET https://lh3.googleusercontent.com/sitesv/AG8ngQUdbWpE3dw-ilWTUQ-xEs6I5dDp9qXuBquVFJ3esob7tJf7qAVjNWg8v6Oljyi4PXuZTV8KfdVdbDuBm9sTlK_unqaQsBfw-LipihTA1Ftx2TTAPK_LQP457hNFo_yeAlbUaCZ4nNtUVQUPCHDL0RXcTiPRT4rm4DEWcuS9kodC3lH3Es6S2q7WRIH7bWM=w16383 → pending (?ms, ?B)
[2026-09-01T03:26:20.124Z] GET https://lh3.googleusercontent.com/sitesv/AG8ngQWcks3TMXqQpHmH7lXFXwPl-o7mAQrJfCOr_Yk8rWJYn0Ed6DzSBltdX2TrB5bWaNra8EBcGUe2d-2kpZlYStx-NMocxjwL0mXKdAwP4-Si_SEuuMdaDMlu96r2ZZRDk1Wiu8jwQ8LMtaoFsvqjG7ZV1DD0-TOfa7xvw-gTiKm_9hpxIzCK5oVx_DfJfkc=w16383 → pending (?ms, ?B)
[2026-09-01T03:26:20.254Z] GET https://lh3.googleusercontent.com/sitesv/AG8ngQVAC52vxzWXE88rSYuHqeuxU-qAJBeXbAe7vpGmM3sx-GbfeRFiU5JVi5pTAq4gob57Drl3O6lJRp6rhDl3wtBsh7shUDw0BY7G8o-174o6uotteh0Q4iYGJ1-SM2LQROWQRWEXExPpkqTH6SWLGdCHVLdGhD8njA0OqMhtp_DiTk_OFPYO_77eAmQf7scDbNyJYzyzJdegAIb7P1RcFL0ehqlXv-HCoM5ldocE=w1280 → 200 (3ms, -500B)
[2026-09-01T03:26:20.258Z] GET https://lh3.googleusercontent.com/sitesv/AG8ngQVFAFQdS1Y1g5OFe3dPmpSiZfXu1jQ97ujf7rlrYktmQD8QbF3FBcXBeDFEXygIzMezBFn6y5aDvkg-Mohj_OjoGQDEddbmdyRjKGFRCrHz4woc41yIANHTWUnYEMBFf_OyxWfb27DaSAkyIi_7nqWxNkFAdfhs4hI0NaceOQWA244zYkc57BjAd9wnC9DmkMwuaho9t_bBEJ58y6NlBiVRVgUpH--HzTm9nTin9hc=w1280 → 200 (?ms, -500B)
[2026-09-01T03:26:20.267Z] GET https://lh3.googleusercontent.com/sitesv/AG8ngQXK-nehmwqnSRSAIG7CcVHWfbOzXM5sf0fTztwHaJHjopNL9Q0r8t7MzhZa0j5_qJR8RgEhQgdSoOghBD165-qvIz8_ayb1_x3re5g3N_3Ma86svJyLfr98j-9ueUpMbtjtqcP0oJdU8St6TfPQ-FMLSXzqvKTvZsssXcI6Ldt9fXT2uWeJShUtVP-01wMS_QLAY7TZbHWFKCbpSzafTe1VIof-e-xnfqAnVx1Rk4E=w1280 → 200 (?ms, -500B)
[2026-09-01T03:26:20.268Z] GET https://lh3.googleusercontent.com/sitesv/AG8ngQX3DRat0m2G_Ep9Xp1uuaJqKJziIZ1p1kxG-N77JeSJVtJJge1uSl-0mlKiagCF_ikx66JGM0GKerJkz8Jq_jUZZAXEX5rwtUO4z_riqF8TtCIS2wjFwZ-jlrJRN1mfwgSczP_J0p4c234Ud2sSdN5W8bVzb6EvRRKTlFh4TUeRe4RU9qQPKd-TvV7Cyz65C05E9MzxRwJXN4Hx4Tusn2sEhLk3uBIAlhgH-sno=w1280 → pending (?ms, ?B)
[2026-09-01T03:26:20.268Z] GET https://lh3.googleusercontent.com/sitesv/AG8ngQWo3jzPbEhwtNFiCRATuyNHEz1OOZpCUGtwfz8LPqcrBjEAYWNLZ9MrjXwYw5R-6KyowUHtzaboLneti2PgIKX2oST8hRj3BVulpOsTJl1UFLniSM2vWHxD2IJAgV7bzQ3RkSKbhReIvAjuCkTcftxORofR-AQRbRbVSzqx3V3r3lujiV9ph1YF3DLMMLQzDbqP2em37VXzra4Pnmu8FRonGhfyT6yXCpSrNicYFvo=w1280 → pending (?ms, ?B)
[2026-09-01T03:26:20.268Z] GET https://lh3.googleusercontent.com/sitesv/AG8ngQXfoqBP0usFuexgnFld1SgOwXFW68v-rhii4Fk4aV-aq84YsEulZq4cyYx3ro5iH5aNNalP4Kr-91qlZ8fEG1_KXNHDdZuIOyTdQaffF_rOEbFWhbq6_sw3O95XyrV8PnQhRWIQni38NkDtxr1wNxR87tblBZmVK4Sit7mBXeJpM8UscmL5yAR8_crxAfqI2GL0iotEfzx9GJXG5z-Hwi4g2zdf34P7zq10CH6Rreg=w1280 → pending (?ms, ?B)
[2026-09-01T03:26:20.269Z] GET https://lh3.googleusercontent.com/sitesv/AG8ngQV1xDGKAZltpJNVef6IdOJRThkmHzXFlfXlpUgMLOsHys6O3ChWMSo3IDhiX1fJ12THzTE-nD0wqeJyODZ5OzODe5w9eQKQwmiDftNUfRfapUrgCLrH8ajYg1slH1m1XgWRnxNRiKvHjNDEt-7SQ1HTN8kzD2zSup0o9-SiR1SFV6Q7zU0orR_U_-iyW3C6uAq8q1eaz5jtZVAbmlMf1ZV9AdQ51IU_O1aXD-dkKwA=w1280 → pending (?ms, ?B)
[2026-09-01T03:26:20.269Z] GET https://lh3.googleusercontent.com/sitesv/AG8ngQUxLjaL-B0v2K7yjs7KGzATJ3k5TkNBBkXfG10sGQcJnVPvUCbXMnfrF7lsy2-eTYhhUBpcghiUEAM_SiTWisoo1pTiaX6V8ZA7g4BblJRgWhEW1Fgi6aFcp6uAoMdSG6xr3jW256YCD9PbRf-QCqmMJWrY7CZDm8MDeXZHNuarWDOyvtlxZm1WBc6L_a5oxvkP6i_KE4epG0oDbFHFvLdy5eR9nenD7vESxzTt=w1280 → pending (?ms, ?B)
[2026-09-01T03:26:20.269Z] GET https://lh3.googleusercontent.com/sitesv/AG8ngQX4RoKqDJMlojLqyYGbLPlHRSV3D18KRzLTVAok-2WcclQopb0V4xViniI0kk-_0OT5l8lvqgxmIN9-KQ4QKCHFe5rjZNENZ1T5w1IVS0yvqVp5L3VuQkmNd2JHiK74VzkXQLELlxbHQt8GT4YBcRgvndL0lvgXxZzVOi6W697BOUiPTwGhfwTb4zTK1sPpiyPJOr5nTT_W2BP_fuf-Gc9v3cTvxrhLXoJbBwcMhJI=w1280 → pending (?ms, ?B)
[2026-09-01T03:26:20.269Z] GET https://lh3.googleusercontent.com/sitesv/AG8ngQU4wFfEG30sk6ZpnTntyr-uY_ECbqBoFD85b8Mat0_BnRBH6LSXB_TVU9mrOyYr1NDOVnMPFcCptmdTbkiKmt9U9sj0Qj7_O-rJwK2U7EKLtC_QTUnIaxUoXra43Ats-naWevjDMUVL6jC-nDxsYYTh4sSWZykQH0__EgshGr6Ld9b8DNyOK3F84oxGhIUwlfBwRZ5CLcQInlzy8Dxc8-u5FVU6ebmw1sOuPPULaRU=w1280 → pending (?ms, ?B)
[2026-09-01T03:26:20.269Z] GET https://lh3.googleusercontent.com/sitesv/AG8ngQWo0AlzgyiNQ9-4hAvNj0jkUIXXp2yOu9U-8Hlo6mEeR0veZ8qKo3HaYIKFYNcVv2YsFm9xESLXzKSj99Y2lp6xbgUmyhJXu-Acq6NMBBJE86dvq18Ow1JlRLSbpe08pikZxFHMbVTKzXAxJONrW8JcVlZIO_wNHlN5r_e7Ek_7Z4NiXC1ElPoXiVlQMxmD25Eln4vWEg1ewOQaMYQnmMVe3G_zdjQI0ECfDsZ1=w1280 → pending (?ms, ?B)
[2026-09-01T03:26:20.269Z] GET https://www.gstatic.com/_/atari/_/js/k=atari.vw.en_US.l4VLTz75WC0.O/am=IAACDAAE/d=1/rs=AGEqA5nkRSfxbPdnl2LhmdAy2jUfgO7YdA/m=view → 200 (?ms, -739B)
[2026-09-01T03:26:20.270Z] GET https://lh3.googleusercontent.com/sitesv/AG8ngQWbl2sI0ngsEI1U7FcmmF5MdSLSGd0J1YpRT8jVBfuT0z03d4vaCgbVzrDwhWH9jDOyifg6ThD3vdVB_kdF6vkXdC1shHkW-Tnt8m8L13pZPdif1e8mBLwJimj-J79Fy69w6KMtEWMCQUSw5DTuWo1P0zB-tfXVd_6INabtWjNmdaZoCn7ppKvbfWHk=w16383 → pending (?ms, ?B)
[2026-09-01T03:26:20.270Z] GET https://lh3.googleusercontent.com/sitesv/AG8ngQWgGsEdeEFO5u2Ta8hqcmU3HYEdvL5nYEB2-FgXgpJL4BV1lODZ-4n9x4xz5-bxhEMPypaHDsxJR5uzGZ5zG2KAVkyiVk6bjducTL1neC2V-JmWeLJyuNT6Gtg0oHOpbprawA2AaATpUJxEUo6xnEjREMlvkY9F3Q-tX7Tdh4zygmmgASVCd9CEEdWVWnw=w16383 → pending (?ms, ?B)
[2026-09-01T03:26:20.270Z] GET https://fonts.gstatic.com/s/poppins/v24/pxiDyp8kv8JHgFVrJJLmy15VF9eO.woff2 → 200 (125ms, 8623B)
[2026-09-01T03:26:20.270Z] GET https://www.gstatic.com/_/atari/_/js/k=atari.vw.en_US.l4VLTz75WC0.O/am=IAACDAAE/d=0/rs=AGEqA5nkRSfxbPdnl2LhmdAy2jUfgO7YdA/m=sy4b,sy4c,sy4a,FoQBg → 200 (?ms, -738B)
[2026-09-01T03:26:20.271Z] GET https://www.gstatic.com/_/atari/_/js/k=atari.vw.en_US.l4VLTz75WC0.O/am=IAACDAAE/d=0/rs=AGEqA5nkRSfxbPdnl2LhmdAy2jUfgO7YdA/m=sy76,TRvtze → 200 (?ms, -736B)
[2026-09-01T03:26:20.282Z] GET https://www.gstatic.com/_/atari/_/js/k=atari.vw.en_US.l4VLTz75WC0.O/am=IAACDAAE/d=0/rs=AGEqA5nkRSfxbPdnl2LhmdAy2jUfgO7YdA/m=LLHPdb,sy2y,ws9Tlc,cEt90b,sy87,KUM7Z,MpJwZc,n73qwf,A4UTCb,sy2x,L1AAkb,aW3pY,RyvaUb,sy2t,sy39,owcnme,sy3a,sy3b,O6y8ed,mzzZzc,CHCSlb,qAKInc,sy3n,YXyON,sy3s,sy3r,iTeaXe,sy78,abQiW,sy14,sy13,sy12,syx,syw,sy3c,pxq3x,sy3d,syq,sy3e,sy3x,syy,sy29,sy3f,sy4q,sy77,EGNJFf,V3dDOb,sy2w,ENNBBf,syh,syj,syf,syg,syd,syp,syc,sy3i,yf2Bs,sy1i,sy1p,sy1e,sy1c,sy1f,sy1n,sy1k,sy1o,sy1h,sy1d,sy1j,sy1l,sy1m,sy1g,syt,sy37,fmklff,TGYpv,XVMNvd,sy84,yxTchf,sy85,sy86,xQtZb,iSvg6e,N5Lqpc,sy3v,sy3w,sy3t,sy3u,sy3q,sy3y,sy3z,pc62j,qEW1W,oNFsLb,syk,syn,syo,sy3j,sy3k,iwfZq,m9oV,sy30,RAnnUd,i5dxUd,sy2z,sy31,sy32,sy33,sy2e,etBPYb,i5H9N,SU9Rsf,sy34,sy35,sy36,sy2c,sy2f,PHUIyb,qNG0Fc,syu,syv,syz,qTnoBf,NJ1rfe,ywOR5c,sy38,sye,wg1P6b,EcW08c,sy3g,sy3h,t8tqF,qddgKe,sy7a,SM1lmd,eEDsnd,sy10,sy11,sys,RRzQxe,sya,sy9,sy17,sy21,yyxWAc,sy0,sy1,sy7,sy2d,sy6,sy2b,sy2g,sy2a,sy28,sy2h,sy2i,sy1t,sy5k,syr,sy19,sy20,sy72,syb,sy4j,sy6v,sy18,fNFZH,sy79,sy3p,sy4p,sy2j,i16Xfc,sy4d,zJMuOc,RrXLpc,sy43,sy45,sy47,sy4e,sy4f,sy4g,tCGzVe,Ej8J2c,odWSx,cgRV2c,sy1z,sy3o,sy57,o1L5Wb,X4BaPc,vVEdxc,sy4,sy5,sy3l,sy4i,RQOkef,sy25,sy24,sy26,sy8,sy16,sy1v,sy1w,sy23,gaMBzf,sy6w,sy27,fVuHhf,sy70,j1RDQb,sy4l,sy4t,sy4s,sy4n,sy4k,sy4o,syi,sy1s,sy46,sy4h,sy4m,sy4r,sy4u,Md9ENb → 200 (?ms, -739B)
[2026-09-01T03:26:20.298Z] POST https://sites.google.com/_/view/naLogImpressions?authuser=0 → 200 (835ms, 67B)
[2026-09-01T03:26:20.348Z] GET https://www.gstatic.com/feedback/js/help/prod/service/lazy.min.js → 200 (3ms, -886B)
[2026-09-01T03:26:20.352Z] GET https://www.gstatic.com/_/atari/_/js/k=atari.vw.en_US.l4VLTz75WC0.O/am=IAACDAAE/d=0/rs=AGEqA5nkRSfxbPdnl2LhmdAy2jUfgO7YdA/m=IZT63,YYmHzb,vfuNJf,sy7r,sy7w,sy7y,sy8a,sy88,sy89,siKnQd,sy7q,sy7x,sy7z,YNjGDd,sy80,PrPYRd,iFQyKf,hc6Ubd,sy8b,SpsfSb,sy7t,sy7v,wR5FRb,pXdRYb,dIoSBb,zbML3c → 200 (?ms, -738B)
[2026-09-01T03:26:20.353Z] GET https://www.gstatic.com/_/atari/_/js/k=atari.vw.en_US.l4VLTz75WC0.O/am=IAACDAAE/d=0/rs=AGEqA5nkRSfxbPdnl2LhmdAy2jUfgO7YdA/m=sy42,sy44,fuVYe,sy48,sy49,CG0Qwb → 200 (?ms, -738B)
[2026-09-01T03:26:20.357Z] GET https://www.gstatic.com/_/atari/_/js/k=atari.vw.en_US.l4VLTz75WC0.O/am=IAACDAAE/d=0/rs=AGEqA5nkRSfxbPdnl2LhmdAy2jUfgO7YdA/m=sy1q,sy1y,Ae65rd,rCcCxc,sy73,gJzDyc,uu7UOe,sy7b,soHxf,CuaHnc,sy7c,uY3Nvd,mxS5xe,sy6q,HYv29e → 200 (?ms, -738B)
[2026-09-01T03:26:20.360Z] POST https://play.google.com/log?format=json&hasfast=true&authuser=0 → 200 (609ms, 151B)
[2026-09-01T03:26:23.310Z] POST https://sites.google.com/_/view/naLogImpressions?authuser=0 → pending (?ms, ?B)
[2026-09-01T03:26:23.312Z] POST https://play.google.com/log?format=json&hasfast=true&authuser=0 → pending (?ms, ?B)
[2026-09-01T03:26:25.172Z] POST https://www.google-analytics.com/g/collect?v=2&tid=G-XRQ92MLXDH&gtm=45je68s1v9243598106za200zd9243598106&_p=1788233180062&gcd=13l3l3l3l1l1&npa=0&dma=0&gdid=dZWRiYj&_eu=AAAAAAQ&are=1&cid=1809352281.1788233124&frm=0&ngs=1&pscdl=noapi&rcb=4&sr=1280x720&uaa=x86&uab=64&uafvl=Not%253AA-Brand%3B99.0.0.0%7CHeadlessChrome%3B145.0.7632.6%7CChromium%3B145.0.7632.6&uam=&uamb=0&uap=Windows&uapv=19.0.0&uaw=0&ul=es-mx&_s=1&tag_exp=115938466~115938468~118897920~118897930~120213116~120385422&sid=1788233123&sct=1&seg=1&dl=https%3A%2F%2Fsites.google.com%2Ftec.mx%2Femprendimiento-tec%2FEBC&dt=Experiencias%20de%20Emprendimiento%20-%20Explora%20BaseCamp&en=page_view&_ee=1&tfd=6327 → pending (?ms, ?B)
[2026-09-01T03:26:37.937Z] GET https://sites.google.com/tec.mx/emprendimiento-tec/founder-mode-basecamp → pending (?ms, ?B)
[2026-09-01T03:26:38.816Z] POST https://www.google-analytics.com/g/collect?v=2&tid=G-XRQ92MLXDH&gtm=45je68s1v9243598106za200zd9243598106&_p=1788233180062&gcd=13l3l3l3l1l1&npa=0&dma=0&gdid=dZWRiYj&_eu=AAAAAAQ&are=1&cid=1809352281.1788233124&frm=0&ngs=1&pscdl=noapi&rcb=4&sr=1280x720&uaa=x86&uab=64&uafvl=Not%253AA-Brand%3B99.0.0.0%7CHeadlessChrome%3B145.0.7632.6%7CChromium%3B145.0.7632.6&uam=&uamb=0&uap=Windows&uapv=19.0.0&uaw=0&ul=es-mx&_s=2&tag_exp=115938466~115938468~118897920~118897930~120213116~120385422&sid=1788233123&sct=1&seg=1&dl=https%3A%2F%2Fsites.google.com%2Ftec.mx%2Femprendimiento-tec%2FEBC&dt=Experiencias%20de%20Emprendimiento%20-%20Explora%20BaseCamp&en=user_engagement&_et=18629&tfd=19960 → pending (?ms, ?B)
[2026-09-01T03:26:38.818Z] POST https://play.google.com/log?hasfast=true&authuser=0&format=json → pending (?ms, ?B)
[2026-09-01T03:26:38.819Z] POST https://www.google.com/g/collect?v=2&tid=G-XRQ92MLXDH&gtm=45je68s1v9243598106za200zd9243598106&_p=1788233180062&gcd=13l3l3l3l1l1&npa=0&dma=0&gdid=dZWRiYj&_eu=AAAAAAQ&are=1&cid=1809352281.1788233124&frm=0&ngs=1&pscdl=noapi&rcb=4&sr=1280x720&uaa=x86&uab=64&uafvl=Not%253AA-Brand%3B99.0.0.0%7CHeadlessChrome%3B145.0.7632.6%7CChromium%3B145.0.7632.6&uam=&uamb=0&uap=Windows&uapv=19.0.0&uaw=0&ul=es-mx&_s=2&tag_exp=115938466~115938468~118897920~118897930~120213116~120385422&sid=1788233123&sct=1&seg=1&dl=https%3A%2F%2Fsites.google.com%2Ftec.mx%2Femprendimiento-tec%2FEBC&dt=Experiencias%20de%20Emprendimiento%20-%20Explora%20BaseCamp&en=user_engagement&_et=18629&tfd=19960&gaf=1 → pending (?ms, ?B)
[2026-09-01T03:26:38.828Z] GET https://fonts.googleapis.com/css?family=Google+Sans:400,500|Roboto:300,400,500,700|Source+Code+Pro:400,700&display=swap → 200 (?ms, -743B)
[2026-09-01T03:26:38.829Z] GET https://fonts.googleapis.com/css?family=Kumbh%20Sans%3Ai%2Cbi%2C700%2C400&display=swap → 200 (4ms, -743B)
[2026-09-01T03:26:38.834Z] GET https://fonts.googleapis.com/css?family=Poppins%3Ai%2Cbi%2C700%2C500%2C900%2C600%2C400&display=swap → pending (?ms, ?B)
[2026-09-01T03:26:38.834Z] GET https://www.gstatic.com/_/atari/_/ss/k=atari.vw.aSyuBU2ZkRc.L.W.O/am=IAACDAAE/d=1/rs=AGEqA5nynIqRTnfpmbAdLcnbMGD_o1xU2w → 200 (?ms, -732B)
[2026-09-01T03:26:38.839Z] GET https://apis.google.com/js/client.js?onload=gapiLoaded → 200 (1ms, -839B)
[2026-09-01T03:26:38.844Z] GET https://www.googletagmanager.com/gtag/js?id=G-XRQ92MLXDH → 200 (?ms, -586B)
[2026-09-01T03:26:38.851Z] GET https://lh3.googleusercontent.com/sitesv/AG8ngQWqfDh3_FF_R72ifje98kucnH9NHUGGYRfjDsCW1befQFqXxR_vYjTt0E8_gRCFAMNicBEJPFu9HypcP-nAlVdHi9qhPaSUr0NkacWfa95aRknx55-O9c0kEXY_zTIABlQcd8-_nftvmom7_Anx4VEtLnzLDbMU9Bhtbi8ADx3q-KCpO1skX-_LSnvrq_35mB2WKDCWbDWMzn7-UtQcm_bjP_7fovBUUqiS-xZM2i0=w1280 → pending (?ms, ?B)
[2026-09-01T03:26:38.853Z] GET https://lh3.googleusercontent.com/sitesv/AG8ngQVhmyizoolz8t1knSa9d8ipulqvJjFf-z5onILAgRVdeGiq4OygULLLI1o2m0eFbjsPDxYYVT8wRAvHWqO70namOJ57yWZ_74_fKipwIgFHs32Og52VmEcNGJGdsBs3XqM1a4vnD6EmR6Xe1NHVlHCcCvnTpkDc8rtKOw0PN6yRACkmxbVgcGZxNT7iAKsSkMM7qiwzP4RaqtMm-8X95EV78yGIwAjmnbSgqWmF=w1280 → pending (?ms, ?B)
[2026-09-01T03:26:38.853Z] GET https://lh3.googleusercontent.com/sitesv/AG8ngQU27OUXHrw4rajnI4CPt3XCJ7lTIXNZfUcdNpMHTe_cY271JNmm7wMOW_HY_xIcUU2XKqDm_Fil4oGWGNwRdizvoftoJRHF5sEW8VILcOSU5f6u-pqnmnGW_aqVwHgjlOwlXCqNRku6YjY-QGKg7XitOkl2IE5t7ELPavlUlpiVbKPXBXjZc8EuIeUaiiziB59cK1dke6PLSRVD1iebVe7f80dOJxScAuVpgt5A6MA=w1280 → pending (?ms, ?B)
[2026-09-01T03:26:38.853Z] GET https://lh3.googleusercontent.com/sitesv/AG8ngQWV2k599y_nQMwsbcS4AASKTkqv6YgCXU0RV2ZVlTSNSGWMrjm7uVDaL33fTt7cjb8LzSNRVPxA0bm3VPfmIn0LUc3-K0ntMo8g5PBbGN-BmghBI3bsxp55Wq_VE6gCTjQK0TTAkteOsxAev1IEHdf-j9XCqLqp-99znT2yCelA3EtNaqLWcuixb4Ro5ktRY2m1B0trK94qM8ZhVcKS_foVwBxAQuL7Iue9XO1F-lQ=w1280 → pending (?ms, ?B)
[2026-09-01T03:26:38.853Z] GET https://lh3.googleusercontent.com/sitesv/AG8ngQU4pxeb4XvDcZLI3WGrtQDxf86rA8qYwdq8rtsfGjiOL-wZJzjjUGUS3JQj3WX08pVMCG025I_anvpSbi0lWA5KcEoQ9nwulQ0-LZxGnsVAcGUUgenJ7dchyDpc4SAahPrLniPrJgyX2Ac931GnQHs-UC1clAjXhptXIb86l56nXDsm7G24klN6r3s_yJ9893tL3Ptaut2XID8eEsaHbb8w71LTpvHjN6ivFzAux40=w1280 → pending (?ms, ?B)
[2026-09-01T03:26:38.855Z] GET https://lh3.googleusercontent.com/sitesv/AG8ngQW2R0jRvFuWMAaj0RM0dB7sO_Ugkwy6u83y07egnnWfezMvpBmhEWAEzX4rKeY0a9lTd8XSVgK6R07Zn-GWRnfZQLJ5XiyQEpAGKe9cowX-51-_Mlufu1SuC0AfJDQubjvhiDUykJ3IWGiDTsp-g6s6HQisq5TzRUsAXg4f5cpu6IqeIhQkuj70g0LW7AzWy7BvUVoQNb05mCEM1_47UhQyp9PvMFUqlFBz3ai4qtI=w1280 → pending (?ms, ?B)
[2026-09-01T03:26:38.856Z] GET https://lh3.googleusercontent.com/sitesv/AG8ngQWvfhy0G20KS-DJ0UPVICDn8C3td6KcuacbZo3aqaDK8EGe1U42xqd3S8pY7dOLMmwkEkWNZnXGk3LmRENB4L2LDJIScb0uYuu_Sm9rRcN2mokCfrDw0uMdpbAr1fVnp_1bCwiDmhFiVce5G4EPMlATgdeL09zOunzhWf0JIgM8oZRSGpAhQgOx-vcGlPQ7YuCbvngeyvTrdBVLwXMPgIrDcCfKMGCdtmB5SenDBGQ=w1280 → pending (?ms, ?B)
[2026-09-01T03:26:38.856Z] GET https://lh3.googleusercontent.com/sitesv/AG8ngQVtwGL2euL3X5MiukLIGIjdAAnQ6Hd4ck9AX5OcfSVdUXjXDvyecZ-lhTbsTCz_YlbkX1IJ1LvWyeqW5jAjEM-ZZjHrruxqzUSA86VUvJmcOAJOZ6zRu6PttKQakDbUSEKdrHoPm4qoYbVXTEu14YnQKLaIm4xjTyulPZn3FhA9uLynsyrzZciELrXo20SdpM_oFR328wOdhO56eGPWU91FvhtwqaeY54M6zfRYbfY=w1280 → pending (?ms, ?B)
[2026-09-01T03:26:38.862Z] GET https://lh3.googleusercontent.com/sitesv/AG8ngQUPH7FpuuszOAm1kKdbGYJs3NOzNteN8rYMP3BO8vWMjEK2R4UuSQDmmmv2RBu_ETb0jCSFzkYi3yu9raMjA4qjQ5E_hvHmpYxFB0S-wOEBtw1IDhRFbOVULxwDCXqcMqanRu-DXLTnBiWbxugWikhARi-kz12j8LnVz_CjmKQYzLEwPo4HnBx65lPecffO5nvKwA9l_Zi2Qewrwm6Xt_kcHU9ZitcKcmmUo_Aa=w1280 → pending (?ms, ?B)
[2026-09-01T03:26:38.862Z] GET https://lh3.googleusercontent.com/sitesv/AG8ngQVFAFQdS1Y1g5OFe3dPmpSiZfXu1jQ97ujf7rlrYktmQD8QbF3FBcXBeDFEXygIzMezBFn6y5aDvkg-Mohj_OjoGQDEddbmdyRjKGFRCrHz4woc41yIANHTWUnYEMBFf_OyxWfb27DaSAkyIi_7nqWxNkFAdfhs4hI0NaceOQWA244zYkc57BjAd9wnC9DmkMwuaho9t_bBEJ58y6NlBiVRVgUpH--HzTm9nTin9hc=w1280 → 200 (1ms, -500B)
[2026-09-01T03:26:38.864Z] GET https://lh3.googleusercontent.com/sitesv/AG8ngQVpL2LKRWJDFIV3pUlRNo0_vDj_Q8PnYrD6KjSDMsaQbK2NSSb6W-UdrP65h9IqUeh-pIkrp9R5L5ijiyO8DJb7WwndBqLc4PBzpfDgtvNlWQdNlZ4taV8yaFPcPXSgtpSCBzfDIXTvKfyelFKXzLXtwgIkutfG0viFlIdwuApdh-7owxJEYg8VR3_yzoNwM6Eh1w6d_mVivBa6M--Nh74gz3e1hyk7a_nXmmz-ETM=w1280 → pending (?ms, ?B)
[2026-09-01T03:26:38.864Z] GET https://lh3.googleusercontent.com/sitesv/AG8ngQXFC9uyVbFqkOWvt4dyDqm0BZAYYK-bnFbU6MWqSbjLMs2kg8HtWvfYGmvz5n_355_nayShXJz-ULAfSxtM8DQ0tFKhcwJngEZ7M5bUe9rJjZxZRFl8rd_N5F2MIouPIh2H8kZR081Eam9Gs6vE2lkATwHWH9nENLe9aUOs6P8IJUaAXhRG79fw7F2zYP1Qb0oF92A0wF6XPn3yQWkztmgoRtv55tEzRhdP4V49Ils=w1280 → pending (?ms, ?B)
[2026-09-01T03:26:38.864Z] GET https://lh3.googleusercontent.com/sitesv/AG8ngQW7jFKFqdPBLlmGkxzPxAeqyHRZtCroUQmt9HidcBdu1BfIqt0gjD5CD5cNHKEF5YVV1f1svi5wdlY4tr2DjGFyy57g_ySMmKzj2fEm5wmc-6KgEj25XVTpGWScgQdayHJZEOT0A9JO75MxXM4JvphlqvoHftimdmDspgzQZoeUyAM-eK0vx0WELjWL7KQTTGD3Q0Ay2UOSh0WQUOvi6PWSYS3AREYNVlnEq3e7PgM=w1280 → pending (?ms, ?B)
[2026-09-01T03:26:38.864Z] GET https://www.gstatic.com/_/atari/_/js/k=atari.vw.en_US.l4VLTz75WC0.O/am=IAACDAAE/d=1/rs=AGEqA5nkRSfxbPdnl2LhmdAy2jUfgO7YdA/m=view → 200 (?ms, -739B)
[2026-09-01T03:26:39.707Z] GET https://apis.google.com/_/scs/abc-static/_/js/k=gapi.lb.en.zhTT8Br0Ho8.O/m=client/rt=j/sv=1/d=1/ed=1/rs=AHpOoo-7LeULGjNQZRvhdu3G71akb6JY6A/cb=gapi.loaded_0?le=scs → 200 (?ms, -919B)
[2026-09-01T03:26:39.708Z] GET https://lh3.googleusercontent.com/sitesv/AG8ngQWczhrEqJTPqqP6ZNw_6UhdsBBHyJ5c9ObCg7OSumXfrmAd8UQuwi-0VdWP9q7dr23q5GUfeN6N21Mngcjas9vyLtQ83CcVHNCS7oSWBNJZMP8nl1yn-KlKR5752cMS6cvwwFXVx_GYa_1INzE3D7FzgOCdj08WPq0Q0eySlk-UTMSQohVn8_BWyXnCyCo=w16383 → 200 (543ms, ?B)
[2026-09-01T03:26:39.735Z] GET https://fonts.gstatic.com/s/googlesans/v70/4UasrENHsxJlGDuGo1OIlJfC6l_24rlCK1Yo_Iqcsih3SAyH6cAwhX9RPjIUvQ.woff2 → 200 (1ms, -815B)
[2026-09-01T03:26:39.736Z] GET https://fonts.gstatic.com/s/roboto/v51/KFO7CnqEu92Fr1ME7kSn66aGLdTylUAMa3yUBA.woff2 → 200 (?ms, -813B)
[2026-09-01T03:26:39.743Z] GET https://fonts.gstatic.com/s/kumbhsans/v27/c4mw1n92AsfhuCq6tVsaoIx1LQICk0boNoq0ShNPVo0.woff2 → 200 (1ms, -814B)
[2026-09-01T03:26:39.744Z] GET https://fonts.gstatic.com/s/poppins/v24/pxiGyp8kv8JHgFVrJJLucHtA.woff2 → 200 (?ms, -814B)
[2026-09-01T03:26:39.745Z] GET https://fonts.gstatic.com/s/poppins/v24/pxiDyp8kv8JHgFVrJJLmy15VF9eO.woff2 → 200 (?ms, -813B)
[2026-09-01T03:26:39.745Z] GET https://fonts.gstatic.com/s/poppins/v24/pxiEyp8kv8JHgFVrJJfecg.woff2 → 200 (?ms, -814B)
[2026-09-01T03:26:39.746Z] GET https://fonts.gstatic.com/s/poppins/v24/pxiByp8kv8JHgFVrLGT9Z1xlFQ.woff2 → 200 (?ms, -813B)
[2026-09-01T03:26:39.747Z] GET https://fonts.gstatic.com/s/poppins/v24/pxiByp8kv8JHgFVrLCz7Z1xlFQ.woff2 → 200 (?ms, -813B)
[2026-09-01T03:26:39.886Z] GET https://lh3.googleusercontent.com/sitesv/AG8ngQVQmhVm9iZUBhCU5EJqX5LOMMxyHChyLrVKlkCmGIc-cFqT6VlH19IPckxR-e0AQGPvJgaJ91VcfWy7LOZ6Y2O0jsAaDbA6FaJYQgPiQu49hr1C_Ziq73pWGkh1WPEX-1kXZ_MGYEgEu7ePQhD9fQoBQU8NNNum6JI9g6S6jlFVePTo9RXl41y4FCkxpe8=w16383 → pending (?ms, ?B)
[2026-09-01T03:26:39.886Z] GET https://lh3.googleusercontent.com/sitesv/AG8ngQWcks3TMXqQpHmH7lXFXwPl-o7mAQrJfCOr_Yk8rWJYn0Ed6DzSBltdX2TrB5bWaNra8EBcGUe2d-2kpZlYStx-NMocxjwL0mXKdAwP4-Si_SEuuMdaDMlu96r2ZZRDk1Wiu8jwQ8LMtaoFsvqjG7ZV1DD0-TOfa7xvw-gTiKm_9hpxIzCK5oVx_DfJfkc=w16383 → 200 (3ms, -501B)
[2026-09-01T03:26:39.890Z] GET https://lh3.googleusercontent.com/sitesv/AG8ngQV_zKzWG6hkZSakr0pSDl8OW_loULLgI_uIwYSCYBtY9ART7lnQAdo5JiJqdhHguQchPkZLc65hHtMe0MlTt4He_BXL23ltr4IlAw4kqLTLYq3wV-BCkZAaLGvRA4NxSBWLXcFyZUpBre5SpDN9UxxA1eNPzH_vgi3UHtgcrOU5DIO2dEmUZA65EJ7mQgc=w16383 → pending (?ms, ?B)
[2026-09-01T03:26:39.890Z] GET https://lh3.googleusercontent.com/sitesv/AG8ngQWgGsEdeEFO5u2Ta8hqcmU3HYEdvL5nYEB2-FgXgpJL4BV1lODZ-4n9x4xz5-bxhEMPypaHDsxJR5uzGZ5zG2KAVkyiVk6bjducTL1neC2V-JmWeLJyuNT6Gtg0oHOpbprawA2AaATpUJxEUo6xnEjREMlvkY9F3Q-tX7Tdh4zygmmgASVCd9CEEdWVWnw=w16383 → pending (?ms, ?B)
[2026-09-01T03:26:39.890Z] GET https://lh3.googleusercontent.com/sitesv/AG8ngQWg22f7S1huViZU3YpGQRQGYPonQxisGY2dvABnDuOqxZ16wlqg8ceknoQzmr2sTv28nVz-d5zo8GiSUHmNPX8MatsdLB_hgdN7jfL2wpqzVN70ZfScaseUwT-D_zW8ygZU-lPT0zxn-RsF4iLabQZkf01ZeRi9RFwIWLYdehgAoVL8gmv_wYnpIVMo=w16383 → pending (?ms, ?B)
[2026-09-01T03:26:39.890Z] GET https://fonts.gstatic.com/s/poppins/v24/pxiByp8kv8JHgFVrLBT5Z1xlFQ.woff2 → 200 (210ms, 7659B)
[2026-09-01T03:26:39.890Z] GET https://www.gstatic.com/_/atari/_/js/k=atari.vw.en_US.l4VLTz75WC0.O/am=IAACDAAE/d=0/rs=AGEqA5nkRSfxbPdnl2LhmdAy2jUfgO7YdA/m=sy4b,sy4c,sy4a,FoQBg → 200 (1ms, -738B)
[2026-09-01T03:26:39.891Z] GET https://www.gstatic.com/_/atari/_/js/k=atari.vw.en_US.l4VLTz75WC0.O/am=IAACDAAE/d=0/rs=AGEqA5nkRSfxbPdnl2LhmdAy2jUfgO7YdA/m=sy76,TRvtze → 200 (?ms, -736B)
[2026-09-01T03:26:39.916Z] GET https://www.gstatic.com/_/atari/_/js/k=atari.vw.en_US.l4VLTz75WC0.O/am=IAACDAAE/d=0/rs=AGEqA5nkRSfxbPdnl2LhmdAy2jUfgO7YdA/m=LLHPdb,sy2y,ws9Tlc,cEt90b,sy87,KUM7Z,MpJwZc,n73qwf,A4UTCb,sy2x,L1AAkb,aW3pY,RyvaUb,sy2t,sy39,owcnme,sy3a,sy3b,O6y8ed,mzzZzc,CHCSlb,qAKInc,sy3n,YXyON,sy3s,sy3r,iTeaXe,sy78,abQiW,sy14,sy13,sy12,syx,syw,sy3c,pxq3x,sy3d,syq,sy3e,sy3x,syy,sy29,sy3f,sy4q,sy77,EGNJFf,V3dDOb,sy2w,ENNBBf,syh,syj,syf,syg,syd,syp,syc,sy3i,yf2Bs,sy1i,sy1p,sy1e,sy1c,sy1f,sy1n,sy1k,sy1o,sy1h,sy1d,sy1j,sy1l,sy1m,sy1g,syt,sy37,fmklff,TGYpv,XVMNvd,sy84,yxTchf,sy85,sy86,xQtZb,iSvg6e,N5Lqpc,sy3v,sy3w,sy3t,sy3u,sy3q,sy3y,sy3z,pc62j,qEW1W,oNFsLb,syk,syn,syo,sy3j,sy3k,iwfZq,m9oV,sy30,RAnnUd,i5dxUd,sy2z,sy31,sy32,sy33,sy2e,etBPYb,i5H9N,SU9Rsf,sy34,sy35,sy36,sy2c,sy2f,PHUIyb,qNG0Fc,syu,syv,syz,qTnoBf,NJ1rfe,ywOR5c,sy38,sye,wg1P6b,EcW08c,sy3g,sy3h,t8tqF,qddgKe,sy7a,SM1lmd,eEDsnd,sy10,sy11,sys,RRzQxe,sya,sy9,sy17,sy21,yyxWAc,sy0,sy1,sy7,sy2d,sy6,sy2b,sy2g,sy2a,sy28,sy2h,sy2i,sy1t,sy5k,syr,sy19,sy20,sy72,syb,sy4j,sy6v,sy18,fNFZH,sy79,sy3p,sy4p,sy2j,i16Xfc,sy4d,zJMuOc,RrXLpc,sy43,sy45,sy47,sy4e,sy4f,sy4g,tCGzVe,Ej8J2c,odWSx,cgRV2c,sy1z,sy3o,sy57,o1L5Wb,X4BaPc,vVEdxc,sy4,sy5,sy3l,sy4i,RQOkef,sy25,sy24,sy26,sy8,sy16,sy1v,sy1w,sy23,gaMBzf,sy6w,sy27,fVuHhf,sy70,j1RDQb,sy4l,sy4t,sy4s,sy4n,sy4k,sy4o,syi,sy1s,sy46,sy4h,sy4m,sy4r,sy4u,Md9ENb → 200 (?ms, -739B)
[2026-09-01T03:26:39.934Z] POST https://sites.google.com/_/view/naLogImpressions?authuser=0 → 200 (314ms, 67B)
[2026-09-01T03:26:39.986Z] GET https://www.gstatic.com/feedback/js/help/prod/service/lazy.min.js → 200 (?ms, -886B)
[2026-09-01T03:26:39.990Z] GET https://www.gstatic.com/_/atari/_/js/k=atari.vw.en_US.l4VLTz75WC0.O/am=IAACDAAE/d=0/rs=AGEqA5nkRSfxbPdnl2LhmdAy2jUfgO7YdA/m=IZT63,YYmHzb,vfuNJf,sy7r,sy7w,sy7y,sy8a,sy88,sy89,siKnQd,sy7q,sy7x,sy7z,YNjGDd,sy80,PrPYRd,iFQyKf,hc6Ubd,sy8b,SpsfSb,sy7t,sy7v,wR5FRb,pXdRYb,dIoSBb,zbML3c → 200 (?ms, -738B)
[2026-09-01T03:26:39.992Z] GET https://www.gstatic.com/_/atari/_/js/k=atari.vw.en_US.l4VLTz75WC0.O/am=IAACDAAE/d=0/rs=AGEqA5nkRSfxbPdnl2LhmdAy2jUfgO7YdA/m=sy42,sy44,fuVYe,sy48,sy49,CG0Qwb → 200 (?ms, -738B)
[2026-09-01T03:26:39.994Z] GET https://www.gstatic.com/_/atari/_/js/k=atari.vw.en_US.l4VLTz75WC0.O/am=IAACDAAE/d=0/rs=AGEqA5nkRSfxbPdnl2LhmdAy2jUfgO7YdA/m=sy1q,sy1y,Ae65rd,rCcCxc,sy73,gJzDyc,uu7UOe,sy7b,soHxf,CuaHnc,sy7c,uY3Nvd,mxS5xe,sy6q,HYv29e → 200 (?ms, -738B)
[2026-09-01T03:26:39.997Z] POST https://play.google.com/log?format=json&hasfast=true&authuser=0 → 200 (271ms, 151B)
[2026-09-01T03:26:42.937Z] POST https://sites.google.com/_/view/naLogImpressions?authuser=0 → 200 (311ms, 67B)
[2026-09-01T03:26:42.938Z] POST https://play.google.com/log?format=json&hasfast=true&authuser=0 → 200 (309ms, 151B)
[2026-09-01T03:26:45.108Z] POST https://www.google-analytics.com/g/collect?v=2&tid=G-XRQ92MLXDH&gtm=45je68s1v9243598106za200zd9243598106&_p=1788233199704&gcd=13l3l3l3l1l1&npa=0&dma=0&gdid=dZWRiYj&_eu=AAAAAAQ&are=1&cid=1809352281.1788233124&frm=0&ngs=1&pscdl=noapi&rcb=14&sr=1280x720&uaa=x86&uab=64&uafvl=Not%253AA-Brand%3B99.0.0.0%7CHeadlessChrome%3B145.0.7632.6%7CChromium%3B145.0.7632.6&uam=&uamb=0&uap=Windows&uapv=19.0.0&uaw=0&ul=es-mx&_s=1&tag_exp=115938465~115938468~118012008~118897920~118897930~120213116~120385423&sid=1788233123&sct=1&seg=1&dl=https%3A%2F%2Fsites.google.com%2Ftec.mx%2Femprendimiento-tec%2Ffounder-mode-basecamp&dt=Experiencias%20de%20Emprendimiento%20-%20Founder%20Mode%20Basecamp&en=page_view&_ee=1&tfd=7167 → 204 (172ms, ?B)
[2026-09-01T03:26:58.216Z] GET https://sites.google.com/tec.mx/emprendimiento-tec/labs → 200 (200ms, 43901B)
[2026-09-01T03:26:58.444Z] POST https://play.google.com/log?hasfast=true&authuser=0&format=json → pending (?ms, ?B)
[2026-09-01T03:26:58.445Z] POST https://www.google-analytics.com/g/collect?v=2&tid=G-XRQ92MLXDH&gtm=45je68s1v9243598106za200zd9243598106&_p=1788233199704&gcd=13l3l3l3l1l1&npa=0&dma=0&gdid=dZWRiYj&_eu=AAAAAAQ&are=1&cid=1809352281.1788233124&frm=0&ngs=1&pscdl=noapi&rcb=14&sr=1280x720&uaa=x86&uab=64&uafvl=Not%253AA-Brand%3B99.0.0.0%7CHeadlessChrome%3B145.0.7632.6%7CChromium%3B145.0.7632.6&uam=&uamb=0&uap=Windows&uapv=19.0.0&uaw=0&ul=es-mx&_s=2&tag_exp=115938465~115938468~118012008~118897920~118897930~120213116~120385423&sid=1788233123&sct=1&seg=1&dl=https%3A%2F%2Fsites.google.com%2Ftec.mx%2Femprendimiento-tec%2Ffounder-mode-basecamp&dt=Experiencias%20de%20Emprendimiento%20-%20Founder%20Mode%20Basecamp&en=user_engagement&_et=18328&tfd=20499 → pending (?ms, ?B)
[2026-09-01T03:26:58.445Z] POST https://www.google.com/g/collect?v=2&tid=G-XRQ92MLXDH&gtm=45je68s1v9243598106za200zd9243598106&_p=1788233199704&gcd=13l3l3l3l1l1&npa=0&dma=0&gdid=dZWRiYj&_eu=AAAAAAQ&are=1&cid=1809352281.1788233124&frm=0&ngs=1&pscdl=noapi&rcb=14&sr=1280x720&uaa=x86&uab=64&uafvl=Not%253AA-Brand%3B99.0.0.0%7CHeadlessChrome%3B145.0.7632.6%7CChromium%3B145.0.7632.6&uam=&uamb=0&uap=Windows&uapv=19.0.0&uaw=0&ul=es-mx&_s=2&tag_exp=115938465~115938468~118012008~118897920~118897930~120213116~120385423&sid=1788233123&sct=1&seg=1&dl=https%3A%2F%2Fsites.google.com%2Ftec.mx%2Femprendimiento-tec%2Ffounder-mode-basecamp&dt=Experiencias%20de%20Emprendimiento%20-%20Founder%20Mode%20Basecamp&en=user_engagement&_et=18328&tfd=20499&gaf=1 → pending (?ms, ?B)
[2026-09-01T03:26:58.453Z] GET https://fonts.googleapis.com/css?family=Google+Sans:400,500|Roboto:300,400,500,700|Source+Code+Pro:400,700&display=swap → 200 (3ms, -743B)
[2026-09-01T03:26:58.456Z] GET https://fonts.googleapis.com/css?family=Kumbh%20Sans%3Ai%2Cbi%2C700%2C400&display=swap → 200 (1ms, -743B)
[2026-09-01T03:26:58.457Z] GET https://fonts.googleapis.com/css?family=Poppins%3Ai%2Cbi%2C700%2C500%2C600%2C400&display=swap → 200 (?ms, -743B)
[2026-09-01T03:26:58.458Z] GET https://www.gstatic.com/_/atari/_/ss/k=atari.vw.aSyuBU2ZkRc.L.W.O/am=IAACDAAE/d=1/rs=AGEqA5nynIqRTnfpmbAdLcnbMGD_o1xU2w → 200 (?ms, -732B)
[2026-09-01T03:26:58.459Z] GET https://apis.google.com/js/client.js?onload=gapiLoaded → 200 (?ms, -839B)
[2026-09-01T03:26:58.467Z] POST https://csp.withgoogle.com/csp/proto/6b8ce7c01e3dacd3d2c7a8cd322ff979 → pending (?ms, ?B)
[2026-09-01T03:26:58.467Z] GET https://apis.google.com/_/scs/abc-static/_/js/k=gapi.lb.en.zhTT8Br0Ho8.O/m=client/rt=j/sv=1/d=1/ed=1/rs=AHpOoo-7LeULGjNQZRvhdu3G71akb6JY6A/cb=gapi.loaded_0?le=scs → 200 (1ms, -919B)
[2026-09-01T03:26:58.498Z] GET https://www.googletagmanager.com/gtag/js?id=G-XRQ92MLXDH → 200 (1ms, -586B)
[2026-09-01T03:26:58.630Z] GET https://lh3.googleusercontent.com/sitesv/AG8ngQXJq_tpSsZXubMGQCCxrCewF9lx_EZ2JG-uLi_t3QGX92pFNbf7m_Ez-T97JSmF_rPsfpnGcA3VHytU_5XYrGNvtwP6LlFlqjiIki8MmFnp6PrT-CYzSCm-het12NPwufiwOt-v020D0NNqEriLvnMzs7tXOwtz3NFQiXtjN8Bs1nPzMZqiKKdZDokoVks=w16383 → 200 (33ms, ?B)
[2026-09-01T03:26:58.631Z] GET https://lh3.googleusercontent.com/sitesv/AG8ngQUPH7FpuuszOAm1kKdbGYJs3NOzNteN8rYMP3BO8vWMjEK2R4UuSQDmmmv2RBu_ETb0jCSFzkYi3yu9raMjA4qjQ5E_hvHmpYxFB0S-wOEBtw1IDhRFbOVULxwDCXqcMqanRu-DXLTnBiWbxugWikhARi-kz12j8LnVz_CjmKQYzLEwPo4HnBx65lPecffO5nvKwA9l_Zi2Qewrwm6Xt_kcHU9ZitcKcmmUo_Aa=w1280 → 200 (?ms, -500B)
[2026-09-01T03:26:58.642Z] GET https://lh3.googleusercontent.com/sitesv/AG8ngQW7jFKFqdPBLlmGkxzPxAeqyHRZtCroUQmt9HidcBdu1BfIqt0gjD5CD5cNHKEF5YVV1f1svi5wdlY4tr2DjGFyy57g_ySMmKzj2fEm5wmc-6KgEj25XVTpGWScgQdayHJZEOT0A9JO75MxXM4JvphlqvoHftimdmDspgzQZoeUyAM-eK0vx0WELjWL7KQTTGD3Q0Ay2UOSh0WQUOvi6PWSYS3AREYNVlnEq3e7PgM=w1280 → 200 (?ms, -500B)
[2026-09-01T03:26:58.643Z] GET https://lh3.googleusercontent.com/sitesv/AG8ngQWSe6wMLzgQxcmgJ0ikaTwrn-y-mr0AjNmISFQgEM5ZKA_wNi1DuQr-9LYwC0IqJlpcpy6BpzdwaxcFFTy6rBEdK6JwTcsgTIOC7I7veyOOawsPnrbvQ4RDbgrNLHtm1NN0L4LjaPH9LgdXxe72NaPhQLpWjWm3iKj7PfV4sL-4CXxqMLRYWLhAflDoNSiithpARoup0cRMr4gP_yfYqryCQMcD--bdyR5cgICad-Y=w1280 → 200 (21ms, 10611B)
[2026-09-01T03:26:58.643Z] GET https://lh3.googleusercontent.com/sitesv/AG8ngQXxhveqP1sizBtYZSYdYF7_kwjqDlkBc38ZFEwOwiP-P3BMDvn-gu9QbK8aDl3_g44kO0v3LxJe9gI1g0DkVgAeeZmV_Sq55PzggrG3zuxBZ_nNd5EpKD2AMtBuJvjlamuNcuXN2fA_6tHIiCuK86Imjqam9tdQIDBMkGe4IpUtxmVZOMw8-a-ZIjpWl3t3VM-Mkgibt_ombFe_le4QJPBixSrxVtN4VFws2PM5=w1280 → 200 (23ms, 46257B)
[2026-09-01T03:26:58.643Z] GET https://lh3.googleusercontent.com/sitesv/AG8ngQVL2XSzC7-pigyLuGWGKWsSy6UmzekoVd9Tw-_RL4uxgw-cg9d2xkOvIQg63XkOwDhaVNePkk2uAr0APA4mjWQ2tuwBX1FeNJcP7oM3jI5bWuCLoxakUVNzmiP2n_ILDzjH8l-dWYXn0N1T9ttY-rF2ydCx8Owc-tr3YxF30co1G2vqphb6D75tVRAYgZq1jycQLMwb0u1UVsj_91qIj7VzsU2UIbzRi7YE7iIL=w1280 → 200 (23ms, ?B)
[2026-09-01T03:26:58.643Z] GET https://lh3.googleusercontent.com/sitesv/AG8ngQVuFIUp-1NhYFkZDaZWgZk8bQrkpE6r2cRxeZp8O2qBb4u61QWN34YWvbh8ti89MtLphdyiUFd6hu4HvEgQGpJGBBCxbT84XGCuvAPgGOxrRJtUrmTf5H1biE_73j11ebqVYcvo9laA2xFpSmwKkYaDHBsekiCznpRdoGCK73P7k-rQYURrRDthb--QhJk16eZJmpBZT57-ij96QK1LQBtioAGf3NpwAtDxU8ww-F4=w1280 → 200 (29ms, 37717B)
[2026-09-01T03:26:58.643Z] GET https://lh3.googleusercontent.com/sitesv/AG8ngQXJ5FWShhdZ3c4lTFf_z6vUebnf7q9XE4h-VA-kuWx4wYGa9LPN20oqIfLq1Q4u3b7eKDCkgOQK6VotJMPuHgUfl7sqVS5DtdUD5d-_WG0Prvp3JeEe2ra4JVmht33LbHYfp5ttqPfdL0CVfEoQKPXdsLgzUmCV8S7625CV3dOestandy1b7OSlusC824IrHXvHlLsl5FEOjbwwuJars1Hn6o--tp99PY2yWupLfHA=w1280 → 200 (20ms, 1378B)
[2026-09-01T03:26:58.643Z] GET https://lh3.googleusercontent.com/sitesv/AG8ngQVf_mwb6XrToPLz5K-4Sk5J58VvPF1B94wa44vz0WIf8syhXYAriiSMLdI0FfrJezT05NrAr209ZmlXvIp5bo-MU35USj9Jw_CgMxXw5oREENYUyjuJLkk0IxDjXY5JrxOrFcerGW3CmrnPILNCI85CyWiVZqlAn0G4b0IWYw11rLcgg8SJe7C7rKCXjliR-zAgGUmVt1RYmnir6dojee2pj_oEafTO78ELjXie4sY=w1280 → 200 (19ms, 16878B)
[2026-09-01T03:26:58.643Z] GET https://lh3.googleusercontent.com/sitesv/AG8ngQXkhNO0A2ZyJfk5f8O2IlHbTa8ttLrkIPmf5NwqcWaiR6uWxURxAySEW5rZTnOx-XcNolRmEHgRHlwk9SGnwuZjkCMV9k5YBwzlYLWu-ri3E6fefzA19pDDqwhNqgOhPZpzN5brapZQ1BCZSO_-W0OpKbmOhu3i-JCe75XnIhXrIRi6uGyKPkwEukJBeQNa6Skb2zwg_sF0oDGe-BGrHwZfUC8QriGTL_HYGOMAtPk=w1280 → 200 (43ms, 42454B)
[2026-09-01T03:26:58.643Z] GET https://lh3.googleusercontent.com/sitesv/AG8ngQX1BHbluzLgTvCI-QfrE68JvoV3NeZdFVbAhiMnMgpkF9mSki7JiZTWGO4llvhCTIizM6LXN76y_62-LAPmtPXPg4M3MaiAkVGMP43ruxY5TLoNjx35al5E_746UBcqJ9WkZT3Jrwi4WdAnHtarw0AMyVMn389dmm2ZBF-vHXBLunM6zrI6KZSMgoqin2LNrkp09N7llqLfrnfTKdeFsdRZQkjBWUUxylAT7dLQX_0=w1280 → 200 (405ms, 22727B)
[2026-09-01T03:26:58.643Z] GET https://lh3.googleusercontent.com/sitesv/AG8ngQVnNTJPkr8nV0HFY-BiyLRlKQA1AUFZ_ECxlt2K8cN9Q1GoRwUe30s2iel6k90d8TRZhxsfwJtecP0cfYZbCGMD0aIGQdt17w4LbjvWgFzPO0qgNg45DaXFiXnTAgolo2vqkvtTCv_e7aq0e4Sqc1KauUF5d5G5gMpUNN91tdTK7HXPvxUhxTD6SZTrpVt3c8c_ChxXZjNZEPUZmPC5FgNB9V1udeSVLQ73nDarK4I=w1280 → 200 (362ms, 17730B)
[2026-09-01T03:26:58.643Z] GET https://lh3.googleusercontent.com/sitesv/AG8ngQUfnaorPI0qZyZbruP6dqcZeMITOvo1iPwt0vO1qQYpIfIY2fUDAetuSRLwlKIN1IoAkcVAFQtgIYjJ4V3IBzXIDnda7WTDkPZuQEqhtgdzGC_ZSKk1b5JOHlftVBDeK4wt-_qtsENKs7wkwg6Lf96VcABcsk4uMQXLMNyJBPHblcGrOcJXQKHv9bcMCRxsixmX0YHIqJoWBMEYRKJF1yQmUiWWF9TEtbKEWCeVT0E=w1280 → 200 (377ms, 32057B)
[2026-09-01T03:26:58.643Z] GET https://lh3.googleusercontent.com/sitesv/AG8ngQXB2wgE8749MPaKIp7HtDHTDkefrPeZC-XS8TzFNp6WU0ni6AqOMBC8GRWfntmAJvHUVHRyrylMbLN6eS6TwQprKfJoeyFnVVWSpp9f6SUxuSvv0LmtTcVZXvfC4bIlNKysiNyoClSZsATXIS_1lI3UPGOila2zdGUe_YF3OoBN4K3sX3TUHO9dKhUlxKuCCU0zpc2EDA011LSJE_hUffTkMuTkuI1XJ2bVvUr2V0c=w1280 → 200 (666ms, 10859B)
[2026-09-01T03:26:58.644Z] GET https://lh3.googleusercontent.com/sitesv/AG8ngQUO6s1CmRBZxkMFYBiurI5T0fGOUY3LGDOdlmFnlkSzSnRgu05jTYxIMlmHx2uUOkVEH7LsLHp-tF-YNZkQLapS8MdtP74QLXcD2RQbMBhhhwYwlIhvQy8UpZ5y22ekGGpTyl4DVulSbdvt1bbvgs3ksCR3USOpnWvovzQ9n4zRkhg5QDaXCIAH6wRw8M5gqfkl_99HeuF3zisnmHkbDnLQfVpNdAEuPSGV8jwRjes=w1280 → 200 (720ms, 28370B)
[2026-09-01T03:26:58.644Z] GET https://www.gstatic.com/_/atari/_/js/k=atari.vw.en_US.l4VLTz75WC0.O/am=IAACDAAE/d=1/rs=AGEqA5nkRSfxbPdnl2LhmdAy2jUfgO7YdA/m=view → 200 (?ms, -739B)
[2026-09-01T03:26:58.644Z] GET https://fonts.gstatic.com/s/googlesans/v70/4UasrENHsxJlGDuGo1OIlJfC6l_24rlCK1Yo_Iqcsih3SAyH6cAwhX9RPjIUvQ.woff2 → 200 (?ms, -815B)
[2026-09-01T03:26:58.645Z] GET https://fonts.gstatic.com/s/roboto/v51/KFO7CnqEu92Fr1ME7kSn66aGLdTylUAMa3yUBA.woff2 → 200 (?ms, -813B)
[2026-09-01T03:26:58.646Z] GET https://fonts.gstatic.com/s/kumbhsans/v27/c4mw1n92AsfhuCq6tVsaoIx1LQICk0boNoq0ShNPVo0.woff2 → 200 (?ms, -814B)
[2026-09-01T03:26:58.647Z] GET https://fonts.gstatic.com/s/poppins/v24/pxiGyp8kv8JHgFVrJJLucHtA.woff2 → 200 (?ms, -814B)
[2026-09-01T03:26:58.648Z] GET https://fonts.gstatic.com/s/poppins/v24/pxiDyp8kv8JHgFVrJJLmy15VF9eO.woff2 → 200 (?ms, -813B)
[2026-09-01T03:26:58.649Z] GET https://fonts.gstatic.com/s/poppins/v24/pxiEyp8kv8JHgFVrJJfecg.woff2 → 200 (?ms, -814B)
[2026-09-01T03:26:58.649Z] GET https://fonts.gstatic.com/s/poppins/v24/pxiByp8kv8JHgFVrLGT9Z1xlFQ.woff2 → 200 (1ms, -813B)
[2026-09-01T03:26:58.650Z] GET https://fonts.gstatic.com/s/poppins/v24/pxiByp8kv8JHgFVrLCz7Z1xlFQ.woff2 → 200 (?ms, -813B)
[2026-09-01T03:26:58.651Z] GET https://lh3.googleusercontent.com/sitesv/AG8ngQX4G_BJIWqxu0HxhWUJL126i3NU4VckiSBaxS7BavTqav6jGOlqUq6ZhMvml6A3SshUXI_VoHjOyW9UTt-117J2dUJUWdzTL9QGQbqNDZYvhRqjiNeLDBoQveWULwDshFs6MpTRgDkiOBwJWDxkxT6kQQmzGaX8DMZe_QtnC9354SYKI6xpim43WVu1naw=w16383 → 200 (783ms, ?B)
[2026-09-01T03:26:58.651Z] GET https://lh3.googleusercontent.com/sitesv/AG8ngQWLigxH6Zi-oVM0d2rb6EfRaolqBYKCR5EUvDr6rl9PBTdgeGqaBxT-8kDvev4HIpNHHy_ozmYLw5NcBFjL0LSXPQ071BRckfjP8CXAnkxCqHJjFs_mpIt85YQcQZ2dXzpzsbeMsmy_Esibcm282T_w_H72NqgY7t4MdtAHnFHIEKTYiTkY8DbR9XDsup8=w16383 → 200 (753ms, ?B)
[2026-09-01T03:26:58.651Z] GET https://lh3.googleusercontent.com/sitesv/AG8ngQVHEcb6Z7V60eU2HPREyfoIMM3Ov7yn85NZPtpzA1nkA4L3_kHP_gFcvmMmXPMU_1zFpip72aewcmF4ui0LRktzJIYC5z2stLhCdfxrNcMlXeiqJKqBmIG5XOQLBv8bvNQcxcHS5u6vZxcYFWe14cv2vTL_RZNlkI2S9eni0unSj7YoNIyJe-wirWoo=w16383 → pending (?ms, ?B)
[2026-09-01T03:26:58.651Z] GET https://lh3.googleusercontent.com/sitesv/AG8ngQVyqfGFIGzK0RhRh31R4dcE8LHjqYgWpf2pSCfwAL3DYjK7-OvGovnF_rkfS2PpjbVLUqgna0uN5YEbThT8NGwf73xuirSRg-BB7zU7HbHmHbnJxVnc0WYBiNeLQTh5vbL-G4VfuBSDCIfKOvBEz9WcOcpD64x08UPL7DjqV907Vtih0t0ed3RhL2B3jiQ=w16383 → pending (?ms, ?B)
[2026-09-01T03:26:58.660Z] GET https://lh3.googleusercontent.com/sitesv/AG8ngQU_0AD3ULamvYG8cemgeqw77VU-fC1S0v9J5nAm3e6dgCbymUw0epo91JLuBAnPKspxMbnzTe9QFY3Ws7LTkFeoiJxloqZFiWjr1VRuC2tWzKDavdwBr_OxJwiuwb3WdfbWcH9iWRRB6zIN6kc7GJx3Xvurs-PVTo2mEtuuUsyHpOsdivzAsr-7eTiCEQo=w16383 → pending (?ms, ?B)
[2026-09-01T03:26:58.660Z] GET https://lh3.googleusercontent.com/sitesv/AG8ngQVnAZ52r9lpAE77FCEf3Myz4ZzDA85rMsX0cwqXGhRGz-666iMIxd-90qcK1OdRVNFNkbHLmjBFhDNO6pJuhS2gQWoD3q-rXkHejSByIxavHIH2-MfWTsdkZlyXvAAFDPikcbUdMB9XLg4agtJLFEhILog8Y3jeyxXY_fltnvKHeImwcs2CRqa169VByyQ=w16383 → pending (?ms, ?B)
[2026-09-01T03:26:58.660Z] GET https://lh3.googleusercontent.com/sitesv/AG8ngQWg22f7S1huViZU3YpGQRQGYPonQxisGY2dvABnDuOqxZ16wlqg8ceknoQzmr2sTv28nVz-d5zo8GiSUHmNPX8MatsdLB_hgdN7jfL2wpqzVN70ZfScaseUwT-D_zW8ygZU-lPT0zxn-RsF4iLabQZkf01ZeRi9RFwIWLYdehgAoVL8gmv_wYnpIVMo=w16383 → 200 (?ms, -501B)
[2026-09-01T03:26:58.661Z] GET https://www.gstatic.com/_/atari/_/js/k=atari.vw.en_US.l4VLTz75WC0.O/am=IAACDAAE/d=0/rs=AGEqA5nkRSfxbPdnl2LhmdAy2jUfgO7YdA/m=sy4b,sy4c,sy4a,FoQBg → 200 (?ms, -738B)
[2026-09-01T03:26:58.661Z] GET https://www.gstatic.com/_/atari/_/js/k=atari.vw.en_US.l4VLTz75WC0.O/am=IAACDAAE/d=0/rs=AGEqA5nkRSfxbPdnl2LhmdAy2jUfgO7YdA/m=sy76,TRvtze → 200 (?ms, -736B)
[2026-09-01T03:26:58.679Z] GET https://www.gstatic.com/_/atari/_/js/k=atari.vw.en_US.l4VLTz75WC0.O/am=IAACDAAE/d=0/rs=AGEqA5nkRSfxbPdnl2LhmdAy2jUfgO7YdA/m=LLHPdb,sy2y,ws9Tlc,cEt90b,sy87,KUM7Z,MpJwZc,n73qwf,A4UTCb,sy2x,L1AAkb,aW3pY,RyvaUb,sy2t,sy39,owcnme,sy3a,sy3b,O6y8ed,mzzZzc,CHCSlb,qAKInc,sy3n,YXyON,sy3s,sy3r,iTeaXe,sy78,abQiW,sy14,sy13,sy12,syx,syw,sy3c,pxq3x,sy3d,syq,sy3e,sy3x,syy,sy29,sy3f,sy4q,sy77,EGNJFf,V3dDOb,sy2w,ENNBBf,syh,syj,syf,syg,syd,syp,syc,sy3i,yf2Bs,sy1i,sy1p,sy1e,sy1c,sy1f,sy1n,sy1k,sy1o,sy1h,sy1d,sy1j,sy1l,sy1m,sy1g,syt,sy37,fmklff,TGYpv,XVMNvd,sy84,yxTchf,sy85,sy86,xQtZb,iSvg6e,N5Lqpc,sy3v,sy3w,sy3t,sy3u,sy3q,sy3y,sy3z,pc62j,qEW1W,oNFsLb,syk,syn,syo,sy3j,sy3k,iwfZq,m9oV,sy30,RAnnUd,i5dxUd,sy2z,sy31,sy32,sy33,sy2e,etBPYb,i5H9N,SU9Rsf,sy34,sy35,sy36,sy2c,sy2f,PHUIyb,qNG0Fc,syu,syv,syz,qTnoBf,NJ1rfe,ywOR5c,sy38,sye,wg1P6b,EcW08c,sy3g,sy3h,t8tqF,qddgKe,sy7a,SM1lmd,eEDsnd,sy10,sy11,sys,RRzQxe,sya,sy9,sy17,sy21,yyxWAc,sy0,sy1,sy7,sy2d,sy6,sy2b,sy2g,sy2a,sy28,sy2h,sy2i,sy1t,sy5k,syr,sy19,sy20,sy72,syb,sy4j,sy6v,sy18,fNFZH,sy79,sy3p,sy4p,sy2j,i16Xfc,sy4d,zJMuOc,RrXLpc,sy43,sy45,sy47,sy4e,sy4f,sy4g,tCGzVe,Ej8J2c,odWSx,cgRV2c,sy1z,sy3o,sy57,o1L5Wb,X4BaPc,vVEdxc,sy4,sy5,sy3l,sy4i,RQOkef,sy25,sy24,sy26,sy8,sy16,sy1v,sy1w,sy23,gaMBzf,sy6w,sy27,fVuHhf,sy70,j1RDQb,sy4l,sy4t,sy4s,sy4n,sy4k,sy4o,syi,sy1s,sy46,sy4h,sy4m,sy4r,sy4u,Md9ENb → 200 (?ms, -739B)
[2026-09-01T03:26:58.690Z] POST https://sites.google.com/_/view/naLogImpressions?authuser=0 → 200 (175ms, 67B)
[2026-09-01T03:26:58.743Z] GET https://www.gstatic.com/feedback/js/help/prod/service/lazy.min.js → 200 (?ms, -886B)
[2026-09-01T03:26:58.748Z] GET https://www.gstatic.com/_/atari/_/js/k=atari.vw.en_US.l4VLTz75WC0.O/am=IAACDAAE/d=0/rs=AGEqA5nkRSfxbPdnl2LhmdAy2jUfgO7YdA/m=IZT63,YYmHzb,vfuNJf,sy7r,sy7w,sy7y,sy8a,sy88,sy89,siKnQd,sy7q,sy7x,sy7z,YNjGDd,sy80,PrPYRd,iFQyKf,hc6Ubd,sy8b,SpsfSb,sy7t,sy7v,wR5FRb,pXdRYb,dIoSBb,zbML3c → 200 (?ms, -738B)
[2026-09-01T03:26:58.749Z] GET https://www.gstatic.com/_/atari/_/js/k=atari.vw.en_US.l4VLTz75WC0.O/am=IAACDAAE/d=0/rs=AGEqA5nkRSfxbPdnl2LhmdAy2jUfgO7YdA/m=sy42,sy44,fuVYe,sy48,sy49,CG0Qwb → 200 (?ms, -738B)
[2026-09-01T03:26:58.752Z] GET https://www.gstatic.com/_/atari/_/js/k=atari.vw.en_US.l4VLTz75WC0.O/am=IAACDAAE/d=0/rs=AGEqA5nkRSfxbPdnl2LhmdAy2jUfgO7YdA/m=sy1q,sy1y,Ae65rd,rCcCxc,sy73,gJzDyc,uu7UOe,sy7b,soHxf,CuaHnc,sy7c,uY3Nvd,mxS5xe,sy6q,HYv29e → 200 (?ms, -738B)
[2026-09-01T03:26:58.755Z] POST https://play.google.com/log?format=json&hasfast=true&authuser=0 → 200 (265ms, 151B)
[2026-09-01T03:27:01.689Z] POST https://sites.google.com/_/view/naLogImpressions?authuser=0 → 200 (199ms, 67B)
[2026-09-01T03:27:01.691Z] POST https://play.google.com/log?format=json&hasfast=true&authuser=0 → 200 (198ms, 151B)
[2026-09-01T03:27:03.849Z] POST https://www.google-analytics.com/g/collect?v=2&tid=G-XRQ92MLXDH&gtm=45je68s1v9243598106za200zd9243598106&_p=1788233218496&gcd=13l3l3l3l1l1&npa=0&dma=0&gdid=dZWRiYj&_eu=AAAAAAQ&are=1&cid=1809352281.1788233124&frm=0&ngs=1&pscdl=noapi&rcb=12&sr=1280x720&uaa=x86&uab=64&uafvl=Not%253AA-Brand%3B99.0.0.0%7CHeadlessChrome%3B145.0.7632.6%7CChromium%3B145.0.7632.6&uam=&uamb=0&uap=Windows&uapv=19.0.0&uaw=0&ul=es-mx&_s=1&tag_exp=115616986~115938466~115938468~118897920~118897930~120213116~120385422&sid=1788233123&sct=1&seg=1&dl=https%3A%2F%2Fsites.google.com%2Ftec.mx%2Femprendimiento-tec%2Flabs&dt=Experiencias%20de%20Emprendimiento%20-%20Labs&en=page_view&_ee=1&tfd=5628 → 204 (155ms, ?B)
[2026-09-01T03:27:18.070Z] GET https://sites.google.com/tec.mx/emprendimiento-tec/freeland → 200 (194ms, 47725B)
[2026-09-01T03:27:18.293Z] POST https://play.google.com/log?hasfast=true&authuser=0&format=json → pending (?ms, ?B)
[2026-09-01T03:27:18.293Z] POST https://www.google-analytics.com/g/collect?v=2&tid=G-XRQ92MLXDH&gtm=45je68s1v9243598106za200zd9243598106&_p=1788233218496&gcd=13l3l3l3l1l1&npa=0&dma=0&gdid=dZWRiYj&_eu=AAAAAAQ&are=1&cid=1809352281.1788233124&frm=0&ngs=1&pscdl=noapi&rcb=12&sr=1280x720&uaa=x86&uab=64&uafvl=Not%253AA-Brand%3B99.0.0.0%7CHeadlessChrome%3B145.0.7632.6%7CChromium%3B145.0.7632.6&uam=&uamb=0&uap=Windows&uapv=19.0.0&uaw=0&ul=es-mx&_s=2&tag_exp=115616986~115938466~115938468~118897920~118897930~120213116~120385422&sid=1788233123&sct=1&seg=1&dl=https%3A%2F%2Fsites.google.com%2Ftec.mx%2Femprendimiento-tec%2Flabs&dt=Experiencias%20de%20Emprendimiento%20-%20Labs&en=user_engagement&_et=19437&tfd=20069 → pending (?ms, ?B)
[2026-09-01T03:27:18.295Z] POST https://www.google.com/g/collect?v=2&tid=G-XRQ92MLXDH&gtm=45je68s1v9243598106za200zd9243598106&_p=1788233218496&gcd=13l3l3l3l1l1&npa=0&dma=0&gdid=dZWRiYj&_eu=AAAAAAQ&are=1&cid=1809352281.1788233124&frm=0&ngs=1&pscdl=noapi&rcb=12&sr=1280x720&uaa=x86&uab=64&uafvl=Not%253AA-Brand%3B99.0.0.0%7CHeadlessChrome%3B145.0.7632.6%7CChromium%3B145.0.7632.6&uam=&uamb=0&uap=Windows&uapv=19.0.0&uaw=0&ul=es-mx&_s=2&tag_exp=115616986~115938466~115938468~118897920~118897930~120213116~120385422&sid=1788233123&sct=1&seg=1&dl=https%3A%2F%2Fsites.google.com%2Ftec.mx%2Femprendimiento-tec%2Flabs&dt=Experiencias%20de%20Emprendimiento%20-%20Labs&en=user_engagement&_et=19437&tfd=20069&gaf=1 → pending (?ms, ?B)
[2026-09-01T03:27:18.303Z] GET https://fonts.googleapis.com/css?family=Google+Sans:400,500|Roboto:300,400,500,700|Source+Code+Pro:400,700&display=swap → 200 (?ms, -743B)
[2026-09-01T03:27:18.307Z] GET https://fonts.googleapis.com/css?family=Kumbh%20Sans%3Ai%2Cbi%2C700%2C400&display=swap → 200 (?ms, -743B)
[2026-09-01T03:27:18.308Z] GET https://fonts.googleapis.com/css?family=Poppins%3Ai%2Cbi%2C700%2C500%2C600%2C400&display=swap → 200 (?ms, -743B)
[2026-09-01T03:27:18.308Z] GET https://www.gstatic.com/_/atari/_/ss/k=atari.vw.aSyuBU2ZkRc.L.W.O/am=IAACDAAE/d=1/rs=AGEqA5nynIqRTnfpmbAdLcnbMGD_o1xU2w → 200 (1ms, -732B)
[2026-09-01T03:27:18.309Z] GET https://apis.google.com/js/client.js?onload=gapiLoaded → 200 (?ms, -839B)
[2026-09-01T03:27:18.320Z] POST https://csp.withgoogle.com/csp/proto/6b8ce7c01e3dacd3d2c7a8cd322ff979 → 204 (162ms, -17B)
[2026-09-01T03:27:18.320Z] GET https://apis.google.com/_/scs/abc-static/_/js/k=gapi.lb.en.zhTT8Br0Ho8.O/m=client/rt=j/sv=1/d=1/ed=1/rs=AHpOoo-7LeULGjNQZRvhdu3G71akb6JY6A/cb=gapi.loaded_0?le=scs → 200 (1ms, -919B)
[2026-09-01T03:27:18.345Z] GET https://www.googletagmanager.com/gtag/js?id=G-XRQ92MLXDH → 200 (?ms, -586B)
[2026-09-01T03:27:18.346Z] GET https://lh3.googleusercontent.com/sitesv/AG8ngQWWY3y2uy3aYPP_U2tMSfHf5a3Q-AMYRR3ejrcqbUIanuSR-I3FRjrrYYPezuRYZMUc33Wa6Za3iIBbM46rBShFLNxpFA7BC3g1CVT0_l5Co7dDX4xjpZFFeBe1bu8ALcBnqbJRavs9vh_qkDoxMwBLDeeL3vtNOY-c8CVTIcGRckEtUalRT3D9AcnF=w16383 → 200 (305ms, ?B)
[2026-09-01T03:27:18.352Z] GET https://fonts.gstatic.com/s/googlesans/v70/4UasrENHsxJlGDuGo1OIlJfC6l_24rlCK1Yo_Iqcsih3SAyH6cAwhX9RPjIUvQ.woff2 → 200 (1ms, -815B)
[2026-09-01T03:27:18.357Z] GET https://fonts.gstatic.com/s/roboto/v51/KFO7CnqEu92Fr1ME7kSn66aGLdTylUAMa3yUBA.woff2 → 200 (?ms, -813B)
[2026-09-01T03:27:18.358Z] GET https://fonts.gstatic.com/s/kumbhsans/v27/c4mw1n92AsfhuCq6tVsaoIx1LQICk0boNoq0ShNPVo0.woff2 → 200 (?ms, -814B)
[2026-09-01T03:27:18.358Z] GET https://fonts.gstatic.com/s/poppins/v24/pxiGyp8kv8JHgFVrJJLucHtA.woff2 → 200 (?ms, -814B)
[2026-09-01T03:27:18.359Z] GET https://fonts.gstatic.com/s/poppins/v24/pxiDyp8kv8JHgFVrJJLmy15VF9eO.woff2 → 200 (?ms, -813B)
[2026-09-01T03:27:18.360Z] GET https://fonts.gstatic.com/s/poppins/v24/pxiEyp8kv8JHgFVrJJfecg.woff2 → 200 (?ms, -814B)
[2026-09-01T03:27:18.361Z] GET https://fonts.gstatic.com/s/poppins/v24/pxiByp8kv8JHgFVrLGT9Z1xlFQ.woff2 → 200 (?ms, -813B)
[2026-09-01T03:27:18.361Z] GET https://fonts.gstatic.com/s/poppins/v24/pxiByp8kv8JHgFVrLCz7Z1xlFQ.woff2 → 200 (1ms, -813B)
[2026-09-01T03:27:18.366Z] GET https://lh3.googleusercontent.com/sitesv/AG8ngQUPH7FpuuszOAm1kKdbGYJs3NOzNteN8rYMP3BO8vWMjEK2R4UuSQDmmmv2RBu_ETb0jCSFzkYi3yu9raMjA4qjQ5E_hvHmpYxFB0S-wOEBtw1IDhRFbOVULxwDCXqcMqanRu-DXLTnBiWbxugWikhARi-kz12j8LnVz_CjmKQYzLEwPo4HnBx65lPecffO5nvKwA9l_Zi2Qewrwm6Xt_kcHU9ZitcKcmmUo_Aa=w1280 → 200 (9ms, -500B)
[2026-09-01T03:27:18.376Z] GET https://lh3.googleusercontent.com/sitesv/AG8ngQUfnaorPI0qZyZbruP6dqcZeMITOvo1iPwt0vO1qQYpIfIY2fUDAetuSRLwlKIN1IoAkcVAFQtgIYjJ4V3IBzXIDnda7WTDkPZuQEqhtgdzGC_ZSKk1b5JOHlftVBDeK4wt-_qtsENKs7wkwg6Lf96VcABcsk4uMQXLMNyJBPHblcGrOcJXQKHv9bcMCRxsixmX0YHIqJoWBMEYRKJF1yQmUiWWF9TEtbKEWCeVT0E=w1280 → 200 (?ms, -500B)
[2026-09-01T03:27:18.376Z] GET https://lh3.googleusercontent.com/sitesv/AG8ngQUO6s1CmRBZxkMFYBiurI5T0fGOUY3LGDOdlmFnlkSzSnRgu05jTYxIMlmHx2uUOkVEH7LsLHp-tF-YNZkQLapS8MdtP74QLXcD2RQbMBhhhwYwlIhvQy8UpZ5y22ekGGpTyl4DVulSbdvt1bbvgs3ksCR3USOpnWvovzQ9n4zRkhg5QDaXCIAH6wRw8M5gqfkl_99HeuF3zisnmHkbDnLQfVpNdAEuPSGV8jwRjes=w1280 → 200 (1ms, -500B)
[2026-09-01T03:27:18.378Z] GET https://lh3.googleusercontent.com/sitesv/AG8ngQW4IcefeIyVEaz27SQjRk1--OCBxjVm1RCNnbQ082pRzm0TgDvfADdMcY79e8EeQ-tLazZnYidvHupmrLTBeygLVxZWSbH208OFdanq5P-7kUmG9c4uKgvCf4oBSFWWPnMYnRu8MyCET7tYHeqrFYBlAEq_tbJsQiARnbOogSsATmD0qNAR6NXP_H0geKRgxyDF0VHP7QRrbJ0Vt7rv9DQUUVsN4YpRtDz3W7gwR6o=w1280 → pending (?ms, ?B)
[2026-09-01T03:27:18.378Z] GET https://lh3.googleusercontent.com/sitesv/AG8ngQWa5UuZotF8yXn70GnDTXaWpxRDB4qhEHdW-28q3oBDqeXpy8ogkhPgewpRYvfm_Wb3PUWglzt0U5Ns6ntaswojE_3bP8fay4GByjJOD7ioVDHp2pC27JUPIJF2m3PawaQOEI9S2P0ZBEhL2LYXE5DIJms5dP1uLyju2OU3x7QnwC9Jm_qRTiGxXGvfE8GpR80G_doduOMu5n8zSVyJDU30QIGSPtx6HK01TT_24xo=w1280 → 200 (217ms, ?B)
[2026-09-01T03:27:18.378Z] GET https://lh3.googleusercontent.com/sitesv/AG8ngQWJ9CqhIEJ4q_OBsgQ7KfyG0MKasO_UPMl_URev3MFp-dfZAyIPglmCX-IKPFfEg5VlV94lZb_SHmoU4JBW0b_ACBUBkiRRWqwY9JBvG0nSbhjx1X-u1bpO2XceeGJZON-83TNTKjsiof2Ds5hAgKFDNTvCMjax8kPi8SnUb-he537P7GRxseWrc_5nBtWflUsNJErgtcv0SA8wwqpayyI5OZGXs4om9w6L-KZAryY=w1280 → pending (?ms, ?B)
[2026-09-01T03:27:18.378Z] GET https://lh3.googleusercontent.com/sitesv/AG8ngQUC2lcfHKxvxeDTEL4v631hcx3fSNLphv5ICBk40nb0ZxplyG1yaqqvpxmIGLOsVdYht-OMrKoWJFxEMptHQzTQSd0_DQcU0EDh6a2ByFGpQ4YLBR8m7kbplV2nSL3b9psZfWmf2KcE0KWdw-f6THlJ9H5zqL2HmIlqjUxRkbyKDQIYNpUDYXzpbxvT3BFAbi-QDX6FjOD6idq6xMZ8uN6N2-bUQH1ND3Q_vjKoh_4=w1280 → 200 (99ms, 1188B)
[2026-09-01T03:27:18.378Z] GET https://lh3.googleusercontent.com/sitesv/AG8ngQWtAhKtZ-qt0DAAWWZcD6V6a-mDaS4TPxsE19SJlqQ9X_UkoCQmfTq6HoFTqTcatjDgfqQAZAf_I8xyiVWIe5XzDkGsbN9qMZEJo5QELa-vmx71UwCnYzTlLheAaKupwD_QluwfS1uPMly988CYTKKeRnULz4pWk_77hw7p5iPi-RXduRjDuHQrF4qm4RhuzPZ35gZcTeC3zU2xIet1T_btM2yU7eas4rqubeYL=w1280 → 200 (188ms, 19224B)
[2026-09-01T03:27:18.378Z] GET https://lh3.googleusercontent.com/sitesv/AG8ngQX9DQe1Ja9HLATeu5-aU2aJb22R_0gd_LCTUDugRNGuN8bOj_B9_gO6NJFrMOGHkeZCMqNqNLVkdYA4bNuWgeoVyOoETuK0ZRxS_Y5arWt1SsRPen7qumo3IB_em_Y2B629I90FfaIga70obzut22iheisXRqilslRd_NaJxZxrfRK2tkaiwsCxJi_9giViLMrUHyxMUMqo6bF2kKPZRs-PDhB5y8rqQ-aZpjLKRlo=w1280 → 200 (97ms, 1194B)
[2026-09-01T03:27:18.378Z] GET https://lh3.googleusercontent.com/sitesv/AG8ngQWpTxF9HG-KHagoTCWQ_6ihfuEg9PdkZn0PV5rx9MCjrl5V4JnU3h4bMhxh8-NDZol-P6joy7fB2bGVBTxMHRGeONpkl6JsZmerM9XHiaRHrWsmDW6n_HOawQyF6W8-moOifrHkV3asp_27cIH1TvWlNXeaAugx157nXJidutf712bJjC7JQsesAVSHFw_4PkdyqG90CYOuZCrUxKuPP2QtgiEx9QNWMxcX5VrrdUA=w1280 → pending (?ms, ?B)
[2026-09-01T03:27:18.379Z] GET https://lh3.googleusercontent.com/sitesv/AG8ngQV3rtmyg2YQ5irQF_jjjkDYccDxDmWI_iRiRoAfHjMnT23rnATbZ_VEOQ3TRBWEu2keQqQ6a000cavR2QR00ZyqVOPwMxkFEs2R0ngQzA4-dROUeY_9W8DQcUYLovt-oM3xpIjYNF5PSOoBVFvOqO3QrF1qQoLWJCI3VjOtWtpKkN7JZ14YOYV9sqaM3dqiMXJLtWVv9FWiCAYKNBO_QArrvRU2mUI35PIvNIwJJtA=w1280 → pending (?ms, ?B)
[2026-09-01T03:27:18.379Z] GET https://lh3.googleusercontent.com/sitesv/AG8ngQUEVwFZ2gK8s3ppTw9afWTeWT6zjUn2YjsrQhlm4rcZ_dB2I9BqqMzHNBQpLhNwY55VQkpno0w6NKvaV-KV0GpPZZz4Q7rdJ7blN9qVbGLVmjoXZGSAZd8wup73BVxoura7CRQAnrtQFh9cfAuW-Cd03_y5LlFWBf2Gg_u5ZAigsSDDVrDQDNpunhr5ODXrsnKphApFfz4UMECzs6Y2bPSAzOSOpXqmCRXb7UKH=w1280 → pending (?ms, ?B)
[2026-09-01T03:27:18.379Z] GET https://lh3.googleusercontent.com/sitesv/AG8ngQXZnGIm5trOkTODGcoi48mGP3SOIfGNNnMs9C1lwMfRQKhTWk7r68pShZM8hoC_0qdyvc03dkfUO1_YC2ZZ4xHhbrFso4JsOuHC1VoINQ08mKbgkwWvmaioOtRU4Df9S1h20UUsZcQccr_xfSK-xbNlEfZ0KebnBkFX6a9F_LjsgKbg4cQN4RxFBqKeNZ1SaWrKUWHEZABtmZ5sPnSws-zcOGzAXJO8oXN8rvRx=w1280 → pending (?ms, ?B)
[2026-09-01T03:27:18.379Z] GET https://lh3.googleusercontent.com/sitesv/AG8ngQXT3asbVYqjgS0UUsGN-_-_IgbkFuz3NPeJSDuvBncfkvyzBByHpsFIy2GrTdXTtowSyLhA3bfocG6fQY-F7fZRc_kmcMkWgQPKMXiUieEiBhrgxg4KAvAaYcOkGm4kcPF4JtyuJc6Cdabls8MqF9Icr8yd4rF_A9nkCcCyhhsCMd19W29cJDHm7e826kcM6EjAEb9l1BT6eiOPLUZB6mrGxSKpwJeJ_Qg7I8Vh9l8=w1280 → pending (?ms, ?B)
[2026-09-01T03:27:18.379Z] GET https://lh3.googleusercontent.com/sitesv/AG8ngQV13_AKAxVH9yR5wh5TxjqOuiPrYhwyk6y1s2Z91G39wkCZ4xYK6OE1eGYF-OVtVopVo_QS49W1xZdIv8sMeBbI9f60oFFuKCVI9pnnfGBqaWv3AvIUGB7LwAup6DmGPLCR482eD1chasGMnINtUBo6ktzTsEGPBbOsUdSBfwHz9LofIi7IJgr3g__hkx6S6_tmGr9is8D4zhCl_cE5DlVluN3EzC-u6UW-6ZtXKio=w1280 → pending (?ms, ?B)
[2026-09-01T03:27:18.416Z] GET https://lh3.googleusercontent.com/sitesv/AG8ngQXQEDGfcgHoSIHZ_f47pKBEXJzIxqJKUfMIEyZwSCNN4_YuQGUZcrXHVTFnNyaAt8c9rIshFGb-wey8a8imGq4Wl8C5EBIWdRjq6oKr-6RqTovSwFtYEbP7FmYjTJjad-VLfHFpRZ6ZecdWg_VmYF6xiUUyFivVZvnkuKTequKJgFihVVTMj0CI5Bkh=w16383 → pending (?ms, ?B)
[2026-09-01T03:27:18.416Z] GET https://lh3.googleusercontent.com/sitesv/AG8ngQWLigxH6Zi-oVM0d2rb6EfRaolqBYKCR5EUvDr6rl9PBTdgeGqaBxT-8kDvev4HIpNHHy_ozmYLw5NcBFjL0LSXPQ071BRckfjP8CXAnkxCqHJjFs_mpIt85YQcQZ2dXzpzsbeMsmy_Esibcm282T_w_H72NqgY7t4MdtAHnFHIEKTYiTkY8DbR9XDsup8=w16383 → 200 (3ms, -501B)
[2026-09-01T03:27:18.420Z] GET https://lh3.googleusercontent.com/sitesv/AG8ngQXq3HSs45v3-VF5MRWFFIQZppFmavvCMcavHO-r89dZvgWHQNFgBukw35Rfq3VthZbk9jhXgzUuuLRb5hSwVOCQydz6JfW1HOOjQrv9IwqV4HHde-sBNbu2RAgT9oEggOQVSqGwwdN231gFnvTARvszSM9VHyhUB4HKnGD_NsJK3rVCrZF0Frdtf4bDgxI=w16383 → pending (?ms, ?B)
[2026-09-01T03:27:18.420Z] GET https://lh3.googleusercontent.com/sitesv/AG8ngQUQIjhQXlkYMO6UNEAL5Oa-pmZMUcCneVXeY1y1gPEnBPNGn2-zfLzoqMzCv7p9crCWyTHZht1u1HZKQk6-Vwjok-a54mZVOPf6PAYpB4tXDJ5ezj1mPLsD2rAS28HW-WyvMfx9cJQFbGZpyIkRX43_7uGKEX8QzggvTWogtFW5hOQnG0fx16lQDE1pgJQ=w16383 → pending (?ms, ?B)
[2026-09-01T03:27:18.420Z] GET https://lh3.googleusercontent.com/sitesv/AG8ngQVwF5b7nSl8ndQRMiHDz6zc-rQ0jXvKmqxmtxnNMVLh7FvE_FpXDMCyD1DVqra-NqKnGrzX5eHhuKiFdMl0xXenvFgCxLoYjqCMDvGLlDzt0sEd8XQ8ecrzY8amXCBAoaYdtwbmVvSuTEkrDMgO9-KT7rnQGcS0_1RAw-9Cpera6A3CobbojygrK-Ynkvk=w16383 → pending (?ms, ?B)
[2026-09-01T03:27:18.420Z] GET https://lh3.googleusercontent.com/sitesv/AG8ngQVH3ckOegh_qLj1ShnPiL4XgTRKWRnMvLp3mrLKwtqIrroNisp5V8r9IuFZcvx9NY-x1qzNEZeK3Z97QuNMILx0-aTuEeNU6KnoHzZS4QhKt4TXaRQ1d6H2nKgAsEG6sC8PQNkM1uCN7nzvZ66StA7mLSg-WTm0ZARPOhQBle2SzM_vgSe-_vbVIAlk=w16383 → pending (?ms, ?B)
[2026-09-01T03:27:18.420Z] GET https://lh3.googleusercontent.com/sitesv/AG8ngQXVeltaRVWo2bfby9z6fI46cLcXWaRGUSnLYSznWZsf_vMqZgmrxpAT4wMaAviSSjoBSiNd9qjQqcz885nOpayJWICnth4ucVBnzKzRscx-vKvuK7PwbwsX9t8yrhh5kCpqQ78NTDN_ce1K4Bpzh2Ky8w4XAL0CyA8KuDzshKh58AVehu1GhbEMI0Vq=w16383 → pending (?ms, ?B)
[2026-09-01T03:27:18.420Z] GET https://lh3.googleusercontent.com/sitesv/AG8ngQW6SpKt3O4HV9u6t_0s58egbi2ozp4XBeHihjoSBALMqE94oWTcQ0dWwUZqorIJWXIq5cxAkZS1YloBs0xzIVm_VtJokG9Qms6DvEYat7gI8ZIf-vLdYUYEiZOzlcXFo8XBPUpVSNmmOiVQQPbJRGlv08Hyjn-OawirtAzh-5np5Ke8fr4ptansVg=w16383 → pending (?ms, ?B)
[2026-09-01T03:27:18.420Z] GET https://lh3.googleusercontent.com/sitesv/AG8ngQVZWXrbnRXqBNG7qsYLHt8_xseKS6xHbU79BKQxtbnZCTPLjyZMwjABybXGguZXZuiFYUKMCdGxDAcAYm0HolxfLjOsSTCRBXfdANHSP9xZU6OJ6zxuPA5DBpUrGkfJjEcb4LqyGFJgu7ENo4RO9XiGMQzK65JXBnGWRwrNrnYon70x0OEv9s0tvupb=w16383 → pending (?ms, ?B)
[2026-09-01T03:27:18.420Z] GET https://lh3.googleusercontent.com/sitesv/AG8ngQWO-SdiFE2I24EeUtIe667fuZAMRn0-iiBECj8VL9-vH41pZZR7webFmyr4xFHYF9LkUtaaVbYSm_j3ryxh0pTgWx3QdyeRQZAEIiJU9mLMDfdVb9uERoBMB4gptioVN15gcmvr4WTOcH_wKLG7mXgiYSUJRGZjLJndCqYx6PVDiIg3fErR7PRziw5ZQWc=w16383 → pending (?ms, ?B)
[2026-09-01T03:27:18.420Z] GET https://lh3.googleusercontent.com/sitesv/AG8ngQXEX1DaAinlFWUZbzIN_7_13WwJkoqHCUUDuQ9VGc0u1m-FkYXz_jers5-7Epd-c4Wg7q4ZcLjI1E0myzhSr4CsADDCYw-u6ys6q_QATR2j839yy2UrIb7uGvSb02ckCTPX6qj8Qf8UryGpoGPCFeYOmt8CV-eVnorcqRzM5n_8G3kJaLeov1Fjp9TzNVU=w16383 → pending (?ms, ?B)
[2026-09-01T03:27:18.421Z] GET https://lh3.googleusercontent.com/sitesv/AG8ngQXxng2LN0Tho1-Typ1RO_lQgPtFU7fMh_esRH5W--nD4VTmLNy7t1WOGW7fckLpY2VU_ILwW6o08WAL1JuUDk9kilmzVBFvnvTFnlPnfQTXdhUb1WcngAM6FtTE6TUm43E7ycjTwApAE4LBedL6tMuGP-aGzHGnM9oWaontFfaHtUXAL_fCSNN9TA=w16383 → pending (?ms, ?B)
[2026-09-01T03:27:18.421Z] GET https://lh3.googleusercontent.com/sitesv/AG8ngQVuhk470JDeqnNTaNirmMJoXNLAPHUWxnMWax37xTYRbMBp7epUgnsRJ5TmmfXb3XzeKpc45MIyv16jccIfuLy8y57SdP1SDp1lXtV8K9wShbqcNHEBidv6n8vDqVItYrmJFLmOsiJUTp6NN3mS6AqxFDk4M9IXYV-mBSiwEqizCHmCN740KTydbbbfGhI=w16383 → pending (?ms, ?B)
[2026-09-01T03:27:18.421Z] GET https://lh3.googleusercontent.com/sitesv/AG8ngQVCJy7DPf5M6X-aCXw_2LRdbzEWejAB3iyqPxFof_cf3THDz1K1FyHAud9nrxDiJO4Aajp6Z7H3VoljrXNnWSNNFqL3iGgQC_P6fd8h_T9nZBomoiZ7jNkYVYVpOwUnh-N6FtzzG8Cdq7-p5z8NMJpZBFXI-lYmIWTHraiQWE30skzRV5guZjN57XAF=w16383 → pending (?ms, ?B)
[2026-09-01T03:27:18.421Z] GET https://lh3.googleusercontent.com/sitesv/AG8ngQWLYLTdoq21ANZq9-ff2gq1dVzOZAO-vVT2wNmggJLunt7NdLYdtsLg7N7pJUvbCBnmOC1gj-iBjRoi7mUywkBnzBqp63Dgsp38k-6WNwSQdMRb-x-byvNAXIVfs57sXQSn4a6LgVbUop2WvnnT5wI1nID_Kw8wAQvsnA6aPVH-HmtK87uQB_1S7fa1aC8=w16383 → pending (?ms, ?B)
[2026-09-01T03:27:18.470Z] GET https://lh3.googleusercontent.com/sitesv/AG8ngQXZrNfD_JVIJRem8AOd2Dz4dKIvpN4mpFqjfHUk_YCm3gSjm0Cf1Rte3SmkO-E7EcV1KKm0rGYlyiIuubBfdYUTSt_hOGZGJsSYORtgKaMS_WHZUWSItWnmms-qrh-mSd70lF_t3U1vV7SIpJ4mJlMhdIH87hTNdTZGXdPgLVD5762j3zfkuuc1FXIagk_MR04ZrZO2NsDYh_paGrIbd6JjuJro0M-_d9n83QN5Cdk=w1280 → pending (?ms, ?B)
[2026-09-01T03:27:18.471Z] GET https://www.gstatic.com/_/atari/_/js/k=atari.vw.en_US.l4VLTz75WC0.O/am=IAACDAAE/d=1/rs=AGEqA5nkRSfxbPdnl2LhmdAy2jUfgO7YdA/m=view → 200 (?ms, -739B)
[2026-09-01T03:27:18.471Z] GET https://lh3.googleusercontent.com/sitesv/AG8ngQWg22f7S1huViZU3YpGQRQGYPonQxisGY2dvABnDuOqxZ16wlqg8ceknoQzmr2sTv28nVz-d5zo8GiSUHmNPX8MatsdLB_hgdN7jfL2wpqzVN70ZfScaseUwT-D_zW8ygZU-lPT0zxn-RsF4iLabQZkf01ZeRi9RFwIWLYdehgAoVL8gmv_wYnpIVMo=w16383 → 200 (2ms, -501B)
[2026-09-01T03:27:18.474Z] GET https://www.gstatic.com/_/atari/_/js/k=atari.vw.en_US.l4VLTz75WC0.O/am=IAACDAAE/d=0/rs=AGEqA5nkRSfxbPdnl2LhmdAy2jUfgO7YdA/m=sy4b,sy4c,sy4a,FoQBg → 200 (?ms, -738B)
[2026-09-01T03:27:18.474Z] GET https://www.gstatic.com/_/atari/_/js/k=atari.vw.en_US.l4VLTz75WC0.O/am=IAACDAAE/d=0/rs=AGEqA5nkRSfxbPdnl2LhmdAy2jUfgO7YdA/m=sy76,TRvtze → 200 (?ms, -736B)
[2026-09-01T03:27:18.508Z] GET https://www.gstatic.com/_/atari/_/js/k=atari.vw.en_US.l4VLTz75WC0.O/am=IAACDAAE/d=0/rs=AGEqA5nkRSfxbPdnl2LhmdAy2jUfgO7YdA/m=LLHPdb,sy2y,ws9Tlc,cEt90b,sy87,KUM7Z,MpJwZc,n73qwf,A4UTCb,sy2x,L1AAkb,aW3pY,RyvaUb,sy2t,sy39,owcnme,sy3a,sy3b,O6y8ed,mzzZzc,CHCSlb,qAKInc,sy3n,YXyON,sy3s,sy3r,iTeaXe,sy78,abQiW,sy14,sy13,sy12,syx,syw,sy3c,pxq3x,sy3d,syq,sy3e,sy3x,syy,sy29,sy3f,sy4q,sy77,EGNJFf,V3dDOb,sy2w,ENNBBf,syh,syj,syf,syg,syd,syp,syc,sy3i,yf2Bs,sy1i,sy1p,sy1e,sy1c,sy1f,sy1n,sy1k,sy1o,sy1h,sy1d,sy1j,sy1l,sy1m,sy1g,syt,sy37,fmklff,TGYpv,XVMNvd,sy84,yxTchf,sy85,sy86,xQtZb,iSvg6e,N5Lqpc,sy3v,sy3w,sy3t,sy3u,sy3q,sy3y,sy3z,pc62j,qEW1W,oNFsLb,syk,syn,syo,sy3j,sy3k,iwfZq,m9oV,sy30,RAnnUd,i5dxUd,sy2z,sy31,sy32,sy33,sy2e,etBPYb,i5H9N,SU9Rsf,sy34,sy35,sy36,sy2c,sy2f,PHUIyb,qNG0Fc,syu,syv,syz,qTnoBf,NJ1rfe,ywOR5c,sy38,sye,wg1P6b,EcW08c,sy3g,sy3h,t8tqF,qddgKe,sy7a,SM1lmd,eEDsnd,sy10,sy11,sys,RRzQxe,sya,sy9,sy17,sy21,yyxWAc,sy0,sy1,sy7,sy2d,sy6,sy2b,sy2g,sy2a,sy28,sy2h,sy2i,sy1t,sy5k,syr,sy19,sy20,sy72,syb,sy4j,sy6v,sy18,fNFZH,sy79,sy3p,sy4p,sy2j,i16Xfc,sy4d,zJMuOc,RrXLpc,sy43,sy45,sy47,sy4e,sy4f,sy4g,tCGzVe,Ej8J2c,odWSx,cgRV2c,sy1z,sy3o,sy57,o1L5Wb,X4BaPc,vVEdxc,sy4,sy5,sy3l,sy4i,RQOkef,sy25,sy24,sy26,sy8,sy16,sy1v,sy1w,sy23,gaMBzf,sy6w,sy27,fVuHhf,sy70,j1RDQb,sy4l,sy4t,sy4s,sy4n,sy4k,sy4o,syi,sy1s,sy46,sy4h,sy4m,sy4r,sy4u,Md9ENb → 200 (1ms, -739B)
[2026-09-01T03:27:18.521Z] POST https://sites.google.com/_/view/naLogImpressions?authuser=0 → pending (?ms, ?B)
[2026-09-01T03:27:18.561Z] GET https://www.gstatic.com/feedback/js/help/prod/service/lazy.min.js → 200 (1ms, -886B)
[2026-09-01T03:27:18.565Z] GET https://www.gstatic.com/_/atari/_/js/k=atari.vw.en_US.l4VLTz75WC0.O/am=IAACDAAE/d=0/rs=AGEqA5nkRSfxbPdnl2LhmdAy2jUfgO7YdA/m=IZT63,YYmHzb,vfuNJf,sy7r,sy7w,sy7y,sy8a,sy88,sy89,siKnQd,sy7q,sy7x,sy7z,YNjGDd,sy80,PrPYRd,iFQyKf,hc6Ubd,sy8b,SpsfSb,sy7t,sy7v,wR5FRb,pXdRYb,dIoSBb,zbML3c → 200 (?ms, -738B)
[2026-09-01T03:27:18.565Z] GET https://www.gstatic.com/_/atari/_/js/k=atari.vw.en_US.l4VLTz75WC0.O/am=IAACDAAE/d=0/rs=AGEqA5nkRSfxbPdnl2LhmdAy2jUfgO7YdA/m=sy42,sy44,fuVYe,sy48,sy49,CG0Qwb → 200 (?ms, -738B)
[2026-09-01T03:27:18.568Z] GET https://www.gstatic.com/_/atari/_/js/k=atari.vw.en_US.l4VLTz75WC0.O/am=IAACDAAE/d=0/rs=AGEqA5nkRSfxbPdnl2LhmdAy2jUfgO7YdA/m=sy1q,sy1y,Ae65rd,rCcCxc,sy73,gJzDyc,uu7UOe,sy7b,soHxf,CuaHnc,sy7c,uY3Nvd,mxS5xe,sy6q,HYv29e → 200 (?ms, -738B)
[2026-09-01T03:27:18.573Z] POST https://play.google.com/log?format=json&hasfast=true&authuser=0 → pending (?ms, ?B)
[2026-09-01T03:27:21.525Z] POST https://sites.google.com/_/view/naLogImpressions?authuser=0 → pending (?ms, ?B)
[2026-09-01T03:27:21.526Z] POST https://play.google.com/log?format=json&hasfast=true&authuser=0 → pending (?ms, ?B)
[2026-09-01T03:27:23.669Z] POST https://www.google-analytics.com/g/collect?v=2&tid=G-XRQ92MLXDH&gtm=45je68s1v9243598106za200zd9243598106&_p=1788233238342&gcd=13l3l3l3l1l1&npa=0&dma=0&gdid=dZWRiYj&_eu=AAAAAAQ&are=1&cid=1809352281.1788233124&frm=0&ngs=1&pscdl=noapi&rcb=4&sr=1280x720&uaa=x86&uab=64&uafvl=Not%253AA-Brand%3B99.0.0.0%7CHeadlessChrome%3B145.0.7632.6%7CChromium%3B145.0.7632.6&uam=&uamb=0&uap=Windows&uapv=19.0.0&uaw=0&ul=es-mx&_s=1&tag_exp=115938465~115938469~118897920~118897930~119381664~120213116~120385423&sid=1788233123&sct=1&seg=1&dl=https%3A%2F%2Fsites.google.com%2Ftec.mx%2Femprendimiento-tec%2Ffreeland&dt=Experiencias%20de%20Emprendimiento%20-%20Freeland&en=page_view&_ee=1&tfd=5596 → pending (?ms, ?B)
[2026-09-01T03:27:36.749Z] GET https://sites.google.com/tec.mx/emprendimiento-tec/sparkcamp → pending (?ms, ?B)
[2026-09-01T03:27:37.564Z] POST https://play.google.com/log?hasfast=true&authuser=0&format=json → pending (?ms, ?B)
[2026-09-01T03:27:37.564Z] POST https://www.google-analytics.com/g/collect?v=2&tid=G-XRQ92MLXDH&gtm=45je68s1v9243598106za200zd9243598106&_p=1788233238342&gcd=13l3l3l3l1l1&npa=0&dma=0&gdid=dZWRiYj&_eu=AAAAAAQ&are=1&cid=1809352281.1788233124&frm=0&ngs=1&pscdl=noapi&rcb=4&sr=1280x720&uaa=x86&uab=64&uafvl=Not%253AA-Brand%3B99.0.0.0%7CHeadlessChrome%3B145.0.7632.6%7CChromium%3B145.0.7632.6&uam=&uamb=0&uap=Windows&uapv=19.0.0&uaw=0&ul=es-mx&_s=2&tag_exp=115938465~115938469~118897920~118897930~119381664~120213116~120385423&sid=1788233123&sct=1&seg=1&dl=https%3A%2F%2Fsites.google.com%2Ftec.mx%2Femprendimiento-tec%2Ffreeland&dt=Experiencias%20de%20Emprendimiento%20-%20Freeland&en=user_engagement&_et=18890&tfd=19481 → pending (?ms, ?B)
[2026-09-01T03:27:37.566Z] POST https://www.google.com/g/collect?v=2&tid=G-XRQ92MLXDH&gtm=45je68s1v9243598106za200zd9243598106&_p=1788233238342&gcd=13l3l3l3l1l1&npa=0&dma=0&gdid=dZWRiYj&_eu=AAAAAAQ&are=1&cid=1809352281.1788233124&frm=0&ngs=1&pscdl=noapi&rcb=4&sr=1280x720&uaa=x86&uab=64&uafvl=Not%253AA-Brand%3B99.0.0.0%7CHeadlessChrome%3B145.0.7632.6%7CChromium%3B145.0.7632.6&uam=&uamb=0&uap=Windows&uapv=19.0.0&uaw=0&ul=es-mx&_s=2&tag_exp=115938465~115938469~118897920~118897930~119381664~120213116~120385423&sid=1788233123&sct=1&seg=1&dl=https%3A%2F%2Fsites.google.com%2Ftec.mx%2Femprendimiento-tec%2Ffreeland&dt=Experiencias%20de%20Emprendimiento%20-%20Freeland&en=user_engagement&_et=18890&tfd=19481&gaf=1 → pending (?ms, ?B)
[2026-09-01T03:27:37.587Z] GET https://fonts.googleapis.com/css?family=Google+Sans:400,500|Roboto:300,400,500,700|Source+Code+Pro:400,700&display=swap → 200 (2ms, -743B)
[2026-09-01T03:27:37.590Z] GET https://fonts.googleapis.com/css?family=Kumbh%20Sans%3Ai%2Cbi%2C700%2C800%2C400&display=swap → pending (?ms, ?B)
[2026-09-01T03:27:37.590Z] GET https://fonts.googleapis.com/css?family=Poppins%3Ai%2Cbi%2C700%2C500%2C600%2C300%2C400&display=swap → pending (?ms, ?B)
[2026-09-01T03:27:37.590Z] GET https://www.gstatic.com/_/atari/_/ss/k=atari.vw.aSyuBU2ZkRc.L.W.O/am=IAACDAAE/d=1/rs=AGEqA5nynIqRTnfpmbAdLcnbMGD_o1xU2w → 200 (?ms, -732B)
[2026-09-01T03:27:37.635Z] GET https://apis.google.com/js/client.js?onload=gapiLoaded → 200 (1ms, -839B)
[2026-09-01T03:27:38.023Z] GET https://apis.google.com/_/scs/abc-static/_/js/k=gapi.lb.en.zhTT8Br0Ho8.O/m=client/rt=j/sv=1/d=1/ed=1/rs=AHpOoo-7LeULGjNQZRvhdu3G71akb6JY6A/cb=gapi.loaded_0?le=scs → 200 (?ms, -919B)
[2026-09-01T03:27:38.646Z] GET https://www.googletagmanager.com/gtag/js?id=G-XRQ92MLXDH → 200 (?ms, -586B)
[2026-09-01T03:27:38.647Z] GET https://lh3.googleusercontent.com/sitesv/AG8ngQXKdJ_vpyJAOD6ZHAPBmYZDktAwcE8lx4724Y6IrUeH__pGSxBoWhmJEMx7IGtFPk4YeAsNq4m0USRQT3t3sPZUDRHPeAIgMM3eyGwv0VAMW--68QoU0ZtP8tz2j_zRb3gZimgt8bD4oDSN6W3y_mtGYZStKp7N9PfaAdPdaXM1XE7-cQCRQ0DdC0m1=w16383 → pending (?ms, ?B)
[2026-09-01T03:27:38.779Z] GET https://lh3.googleusercontent.com/sitesv/AG8ngQUfnaorPI0qZyZbruP6dqcZeMITOvo1iPwt0vO1qQYpIfIY2fUDAetuSRLwlKIN1IoAkcVAFQtgIYjJ4V3IBzXIDnda7WTDkPZuQEqhtgdzGC_ZSKk1b5JOHlftVBDeK4wt-_qtsENKs7wkwg6Lf96VcABcsk4uMQXLMNyJBPHblcGrOcJXQKHv9bcMCRxsixmX0YHIqJoWBMEYRKJF1yQmUiWWF9TEtbKEWCeVT0E=w1280 → 200 (1ms, ?B)
[2026-09-01T03:27:38.789Z] GET https://lh3.googleusercontent.com/sitesv/AG8ngQUO6s1CmRBZxkMFYBiurI5T0fGOUY3LGDOdlmFnlkSzSnRgu05jTYxIMlmHx2uUOkVEH7LsLHp-tF-YNZkQLapS8MdtP74QLXcD2RQbMBhhhwYwlIhvQy8UpZ5y22ekGGpTyl4DVulSbdvt1bbvgs3ksCR3USOpnWvovzQ9n4zRkhg5QDaXCIAH6wRw8M5gqfkl_99HeuF3zisnmHkbDnLQfVpNdAEuPSGV8jwRjes=w1280 → 200 (?ms, ?B)
[2026-09-01T03:27:38.790Z] GET https://lh3.googleusercontent.com/sitesv/AG8ngQV7tWASshMUeTCZveK5rN310AcR7rK3oLDUeyYzZhZcP_w97bup3ej6s-E8fJPUD2Z4fTRCOaQNkDuTKyz0fGFUNNjREHfHHbWz1ufkCddJulVAqOB8DGd9BguffhnxSscWB9Eh3oCZC9CRqYY6XU2I65vAqb_8l5-bfmnPid827seyYkksig82BFHzxvBvWc3zgpSe8EhQvY2d3bVyAQ2h_9jPx0MdJDxQUrW-=w1280 → pending (?ms, ?B)
[2026-09-01T03:27:38.790Z] GET https://lh3.googleusercontent.com/sitesv/AG8ngQU8Kx3NleiTon9xlLMOxpCEgTyuaxzI5WRqoNH8ORS7S1qfOD59gYzYZlnI3MsTutl6H8eJ-rdKLdZmd1tBA4X6EcBR1rLOSYUuN035sH9xoXJUCWK2zPJJLrJVH2zIrG6dzQIh0djQxetSDurP5i0TUTr9aSIHjdJRQETd-7t9TswdY21-HVhEVEoyu9ar0pLhUfGTrLbPY1P6XuzoblRmfgDSUZWVkPUBmRnd7ow=w1280 → pending (?ms, ?B)
[2026-09-01T03:27:38.790Z] GET https://lh3.googleusercontent.com/sitesv/AG8ngQU00eVU1EevR9H_il1wgjVMD804JqHx6lyyGGdR1m_PCka2Vky7fmhuvR_crxKE4kJCH3YWNqp-1bO0YKxLMgaKkRNp8XzAQE-CZnc4TQu2GRm0hESg5sNzEdapZsHWLo3PHwaZny93xRLB05qU9yk1hEEiXeIT6bpNb_SPb091rkT_hOxyjZpMf7-GTxkvEhu1VR_qVuk7t9GlsxfbmE6wV5Edsy4sIU2i1Q2_VnM=w1280 → pending (?ms, ?B)
[2026-09-01T03:27:38.790Z] GET https://lh3.googleusercontent.com/sitesv/AG8ngQUD21oqi7xNfwVk0-ZC9htiBGqqqH1m9pjq5vgCk9x-b0v26VA9E9al6c_RipWd73Ne-2rWPAu5WLfqwDZRNFu0u16K6r3aGD16paxZyImRaiyFdq_CVQkemmGl98CJtNg27K_8YpaCq6jRHGhBqxYTw884maGRbTxG7YpFEeORCcpt6uQXBCUS4vbwUUkHLBCuEGfa-Z0ewM7TLi0nbNp9DO8SjrNM62hey3uS=w1280 → pending (?ms, ?B)
[2026-09-01T03:27:38.790Z] GET https://lh3.googleusercontent.com/sitesv/AG8ngQUheETSvZ5TZVyG48o1iDJ8Y744KAZyS6GPjZZ986_3j4WfaMshNLFshCpk7tR9oya7Y1_lQeIoLh9r88j-m6-z7XGo7t2CLTe0XKscQG_3tHTp8FZqzsDTpoqis8rzU3xHa8BUlCd6cG6ZzXiAkASQWKzWkPl1peLreSA6tP1WgVHPnCrLTrYtQJGqcrUCr32igr_DIO3tgBRFQaNPn4HMitA-Pogk1gCCAlGF=w1280 → pending (?ms, ?B)
[2026-09-01T03:27:38.790Z] GET https://lh3.googleusercontent.com/sitesv/AG8ngQW1xhcJrji9SvPbBD3sQpa2bf0mL0MSY5eHpmIjDBRGLZuISna25i_niGPMPzqnGt3_k4mtkZgn5yH44fd0JZq9XOcNpbm6p29zR_V2mKH4AJDW-bGlR4CLH4jsYk734fU5vHOeCC7yINoE6nzMILndPYV3DDnvbi77OkyorYDObRwMOCM6b3U9pDgH_vYQZjyrlng0uJWByo7SBs5svl_qFPRw4ZR9ve4szJ6tP-c=w1280 → pending (?ms, ?B)
[2026-09-01T03:27:38.790Z] GET https://lh3.googleusercontent.com/sitesv/AG8ngQV-KHH1mWSJ12bTUr3X0juEJxMYsS0RVTPXGNNWq9Xn5lMVtgyKlpWkA5x7qF1yGgXuG4hKuVYvkjtJ6mX7BVGdUmcoyOiK_04uQfkt3JPfvQ8SU3khhz0MxPCx6Glp1PIdE0PjdZO7zI1hnr9fqQ725FkvrWwdLyXD3I5p_iMukYLOT6lbVueKN9KjA7X8-8CnVOJwvAwMohsH5Klo6rX4U11FQ7puosqqTZwc1jM=w1280 → pending (?ms, ?B)
[2026-09-01T03:27:38.791Z] GET https://lh3.googleusercontent.com/sitesv/AG8ngQU6IxvV0u4joiJ_pk6VFtEjn1lZMFyPj8-NomiT81zKzrkr9fcdd-yEkHI4OXk0Hueeiajbp7YTvBcQP0NdrvvqRM6MHNObrWr1eMzoWSqmiXf0YDAu6hu0eW04kLwlauM6G5zsF0nNqn2IDpfMvrzbXC1S7A990c67RXxz3FfQMaFJ72jUdChZbnQpo6TOoLFJ-svS0w_bePX3SDXM5A_WfA4E7wMJgj6khBt1Y7k=w1280 → pending (?ms, ?B)
[2026-09-01T03:27:38.791Z] GET https://lh3.googleusercontent.com/sitesv/AG8ngQW30IwnaOGQeXjcW1NbVjnvlV-NJBFHfDbdZ-rCtxWKhikVGMhUgC81Ji_Ogq5-kj5Hnr4MtW0Sj80E_eEuNUaIlqMA2qu173X_R-0J0jaMBFlskFV0rq4OML7aoB52LRMcO3KTIGUnebermG8Z3hTeJoYX6HCYe6oN5NJF4o3dPKAi_aIl23OnbujdBkh_HmNjnKVrmx_dlfMwZ1g40tbapsG6874RxjL2fI-093Y=w1280 → pending (?ms, ?B)
[2026-09-01T03:27:38.791Z] GET https://lh3.googleusercontent.com/sitesv/AG8ngQUCDuR_LF7N7pnfP7phIoKYuupKwhKWy14bH5QZsHiQeY9nO9B9XQx88lk5nzNuqRthIUu4rPIC9TLZu5vM-w-_I1EAAE2qq71J2gO1OZg_qXrcLTn9IgV5Ro8Xth7JGPvv7d18G1xZdnZ2LuPC5BNw9Nk3pGDAzy55O6JZ4OSVrfeZGvrFFj7kwTHmLo3JJcNfrvnyqHteqfTCceKK7kaIfHOvcivYp_TuuCxTBqU=w1280 → pending (?ms, ?B)
[2026-09-01T03:27:38.791Z] GET https://lh3.googleusercontent.com/sitesv/AG8ngQW_AYbGIa3wDF75m9o4cMgG1lsFzOzE7ll-vswGA6KiOWBDzf1nMgQ9C68c02UH_DbMw8tz5c1W1RuGRdaMkD7owfzxs_f5BxFOnSbap6AusKD5_a7rlrbo6qooVNghudslGpP_WsE63Xvl-So4-Unc2DYxbMShF0NVD6eWMEJMRR7bX7A5Oskt5fVrqMgPKn9ErKE5P-WSHRfrFQcNBuxhrnoInu4d7n6eOGCPMdM=w1280 → pending (?ms, ?B)
[2026-09-01T03:27:38.791Z] GET https://lh3.googleusercontent.com/sitesv/AG8ngQW3nx_I_L1lf8ydFcysLiNSHABfaBjGuqsEw1nnPn0R6UiNosNv21iGZeDZiGOKVbYptZ1qi0KnPtM00ig96gr2Wjc6VNqK7D9Zn4FAULA3seeaZ60_rFj9cmi_QGybcu4R5Hi1p5L2VXW3y66myjObALwXr5FOBEwF7TU9iESzR3UsfWYGi4bhzXTvulbU0WEfgLlNdc5Fu4ChkBAz-ZQXY_5dHyBjyGmuas6g=w1280 → pending (?ms, ?B)
[2026-09-01T03:27:38.791Z] GET https://lh3.googleusercontent.com/sitesv/AG8ngQWsG4O3I9m_kmbcdzYAR0ziYvw83V513zLOjzwsK41v2sIAkut7QB_sCitSMY2zHwVVsXPiqPg2T9jZsNoP5PyYxYZgXVoZml9jL_-dxBP7kZ6T4x4N248eeF2NlGZgJQSNSJy0TpbSCotbytDxXrOfWAe2Nn95EFb807KKY7IsnUqpg6oVz59s6ag3bFsDbjz-uMUVpwImU61I-NtIGZKD9LPIuAraD_dN3k5n=w1280 → pending (?ms, ?B)
[2026-09-01T03:27:38.791Z] GET https://lh3.googleusercontent.com/sitesv/AG8ngQXZrNfD_JVIJRem8AOd2Dz4dKIvpN4mpFqjfHUk_YCm3gSjm0Cf1Rte3SmkO-E7EcV1KKm0rGYlyiIuubBfdYUTSt_hOGZGJsSYORtgKaMS_WHZUWSItWnmms-qrh-mSd70lF_t3U1vV7SIpJ4mJlMhdIH87hTNdTZGXdPgLVD5762j3zfkuuc1FXIagk_MR04ZrZO2NsDYh_paGrIbd6JjuJro0M-_d9n83QN5Cdk=w1280 → pending (?ms, ?B)
[2026-09-01T03:27:38.791Z] GET https://www.gstatic.com/_/atari/_/js/k=atari.vw.en_US.l4VLTz75WC0.O/am=IAACDAAE/d=1/rs=AGEqA5nkRSfxbPdnl2LhmdAy2jUfgO7YdA/m=view → 200 (?ms, ?B)
[2026-09-01T03:27:38.792Z] GET https://fonts.gstatic.com/s/googlesans/v70/4UasrENHsxJlGDuGo1OIlJfC6l_24rlCK1Yo_Iqcsih3SAyH6cAwhX9RPjIUvQ.woff2 → 200 (?ms, ?B)
[2026-09-01T03:27:38.793Z] GET https://fonts.gstatic.com/s/roboto/v51/KFO7CnqEu92Fr1ME7kSn66aGLdTylUAMa3yUBA.woff2 → 200 (?ms, ?B)
[2026-09-01T03:27:38.794Z] GET https://fonts.gstatic.com/s/kumbhsans/v27/c4mw1n92AsfhuCq6tVsaoIx1LQICk0boNoq0ShNPVo0.woff2 → 200 (?ms, ?B)
[2026-09-01T03:27:38.795Z] GET https://fonts.gstatic.com/s/poppins/v24/pxiGyp8kv8JHgFVrJJLucHtA.woff2 → 200 (?ms, ?B)
[2026-09-01T03:27:38.796Z] GET https://fonts.gstatic.com/s/poppins/v24/pxiDyp8kv8JHgFVrJJLmy15VF9eO.woff2 → 200 (?ms, ?B)
[2026-09-01T03:27:38.798Z] GET https://fonts.gstatic.com/s/poppins/v24/pxiEyp8kv8JHgFVrJJfecg.woff2 → 200 (5ms, ?B)
[2026-09-01T03:27:38.804Z] GET https://fonts.gstatic.com/s/poppins/v24/pxiByp8kv8JHgFVrLGT9Z1xlFQ.woff2 → 200 (?ms, ?B)
[2026-09-01T03:27:38.805Z] GET https://fonts.gstatic.com/s/poppins/v24/pxiByp8kv8JHgFVrLCz7Z1xlFQ.woff2 → 200 (?ms, ?B)
[2026-09-01T03:27:38.806Z] GET https://lh3.googleusercontent.com/sitesv/AG8ngQW2LhprBhj0hXgKhZH0k4A00Q6ow-T20zJXS3HkIdQxa-sg5FKOis-16j1jmqHY9CKppeBd8WC1rqOmF4uXDUIgqcpJ2n-K5yKdS6cd4h-Yuyvkca9ihXRHLgcIR_5ma0ISPq8nS9Y0mQLaCnJlU6l4KikXQhpq2PW6fLY0OSGeNv4N4q7qZ-zje5F2=w16383 → pending (?ms, ?B)
[2026-09-01T03:27:38.806Z] GET https://lh3.googleusercontent.com/sitesv/AG8ngQUnEZLXZ7rGXR0NLuy9Z4oyyvl3MTuM3H6si0rb8GKlfl0oKI7-YVrHnJZ_4sSm_8Fez_lqdnaj6QZUexgZvTJkx5qRcHfb-hLEtUgnY9cUtTgCD67i8TKIeOQ0jRnh5SWYQg4_ODXXt7_kBg7Hkw9dIKSsC_pYeZXUN0uW7qsismlvyxKPiU1yMz9py-M=w16383 → pending (?ms, ?B)
[2026-09-01T03:27:38.806Z] GET https://lh3.googleusercontent.com/sitesv/AG8ngQWHxeiEFJWRj3IINzIBsQN4w4EVFPR0khonR626vkf9kFB38H0jRPkI2TYFlBSGYeRDtMoHdmnIc3Gb81uevO5Qlx_EE7emlOg9WQxh0a4PIZrTXG7G6jEtAkKx5DPipGhWvq6QIPLyptsFIqQ3g67_C1e8GKNI36EASmUfVh6OO_zWHyHqsqHLt0oesbs=w16383 → pending (?ms, ?B)
[2026-09-01T03:27:38.806Z] GET https://lh3.googleusercontent.com/sitesv/AG8ngQUF3lrqJ_DOprCk-DsrDuvZK2qw7hTzcbyj9JF918saucTQl3VFGMuPeG5WW9YSNHJNUM-5z3mQmKvx7u2v-99s50zOqvhExZpTcUme702-_YLmVsLj2bKg8Gnjgln8duMiOr5cljbeQwZ0Vy2LxXl2aaneQJ7oN9eVc-VQj9QR-V4BWlI1sNELOhytuJE=w16383 → pending (?ms, ?B)
[2026-09-01T03:27:38.806Z] GET https://lh3.googleusercontent.com/sitesv/AG8ngQVlIqkxTP3pxAE3GOzHCHHkxIMuxZVQdZmiir8_FlfLXMZuTajy8hnw91umcw6j_3h3pkRcua6mCN2Cd4FIFmnyWGCJmjX0hoCzKgczwaR6yuFfd6eO2QMKMPTtNLXMH_iwtM0nOXVysqDtt1m-ddX36ovozpRu-0u0cNB9Hmib9ZF0Qv_gOZoVnaBp=w16383 → pending (?ms, ?B)
[2026-09-01T03:27:38.806Z] GET https://fonts.gstatic.com/s/poppins/v24/pxiByp8kv8JHgFVrLDz8Z1xlFQ.woff2 → pending (?ms, ?B)
[2026-09-01T03:27:38.806Z] GET https://www.gstatic.com/_/atari/_/js/k=atari.vw.en_US.l4VLTz75WC0.O/am=IAACDAAE/d=0/rs=AGEqA5nkRSfxbPdnl2LhmdAy2jUfgO7YdA/m=sy4b,sy4c,sy4a,FoQBg → 200 (?ms, ?B)
[2026-09-01T03:27:38.807Z] GET https://www.gstatic.com/_/atari/_/js/k=atari.vw.en_US.l4VLTz75WC0.O/am=IAACDAAE/d=0/rs=AGEqA5nkRSfxbPdnl2LhmdAy2jUfgO7YdA/m=sy76,TRvtze → 200 (?ms, ?B)
[2026-09-01T03:27:38.818Z] GET https://www.gstatic.com/_/atari/_/js/k=atari.vw.en_US.l4VLTz75WC0.O/am=IAACDAAE/d=0/rs=AGEqA5nkRSfxbPdnl2LhmdAy2jUfgO7YdA/m=LLHPdb,sy2y,ws9Tlc,cEt90b,sy87,KUM7Z,MpJwZc,n73qwf,A4UTCb,sy2x,L1AAkb,aW3pY,RyvaUb,sy2t,sy39,owcnme,sy3a,sy3b,O6y8ed,mzzZzc,CHCSlb,qAKInc,sy3n,YXyON,sy3s,sy3r,iTeaXe,sy78,abQiW,sy14,sy13,sy12,syx,syw,sy3c,pxq3x,sy3d,syq,sy3e,sy3x,syy,sy29,sy3f,sy4q,sy77,EGNJFf,V3dDOb,sy2w,ENNBBf,syh,syj,syf,syg,syd,syp,syc,sy3i,yf2Bs,sy1i,sy1p,sy1e,sy1c,sy1f,sy1n,sy1k,sy1o,sy1h,sy1d,sy1j,sy1l,sy1m,sy1g,syt,sy37,fmklff,TGYpv,XVMNvd,sy84,yxTchf,sy85,sy86,xQtZb,iSvg6e,N5Lqpc,sy3v,sy3w,sy3t,sy3u,sy3q,sy3y,sy3z,pc62j,qEW1W,oNFsLb,syk,syn,syo,sy3j,sy3k,iwfZq,m9oV,sy30,RAnnUd,i5dxUd,sy2z,sy31,sy32,sy33,sy2e,etBPYb,i5H9N,SU9Rsf,sy34,sy35,sy36,sy2c,sy2f,PHUIyb,qNG0Fc,syu,syv,syz,qTnoBf,NJ1rfe,ywOR5c,sy38,sye,wg1P6b,EcW08c,sy3g,sy3h,t8tqF,qddgKe,sy7a,SM1lmd,eEDsnd,sy10,sy11,sys,RRzQxe,sya,sy9,sy17,sy21,yyxWAc,sy0,sy1,sy7,sy2d,sy6,sy2b,sy2g,sy2a,sy28,sy2h,sy2i,sy1t,sy5k,syr,sy19,sy20,sy72,syb,sy4j,sy6v,sy18,fNFZH,sy79,sy3p,sy4p,sy2j,i16Xfc,sy4d,zJMuOc,RrXLpc,sy43,sy45,sy47,sy4e,sy4f,sy4g,tCGzVe,Ej8J2c,odWSx,cgRV2c,sy1z,sy3o,sy57,o1L5Wb,X4BaPc,vVEdxc,sy4,sy5,sy3l,sy4i,RQOkef,sy25,sy24,sy26,sy8,sy16,sy1v,sy1w,sy23,gaMBzf,sy6w,sy27,fVuHhf,sy70,j1RDQb,sy4l,sy4t,sy4s,sy4n,sy4k,sy4o,syi,sy1s,sy46,sy4h,sy4m,sy4r,sy4u,Md9ENb → 200 (?ms, -739B)
[2026-09-01T03:27:38.833Z] POST https://sites.google.com/_/view/naLogImpressions?authuser=0 → pending (?ms, ?B)
[2026-09-01T03:27:38.883Z] GET https://www.gstatic.com/feedback/js/help/prod/service/lazy.min.js → 200 (?ms, -886B)
[2026-09-01T03:27:38.884Z] GET https://www.gstatic.com/_/atari/_/js/k=atari.vw.en_US.l4VLTz75WC0.O/am=IAACDAAE/d=0/rs=AGEqA5nkRSfxbPdnl2LhmdAy2jUfgO7YdA/m=IZT63,YYmHzb,vfuNJf,sy7r,sy7w,sy7y,sy8a,sy88,sy89,siKnQd,sy7q,sy7x,sy7z,YNjGDd,sy80,PrPYRd,iFQyKf,hc6Ubd,sy8b,SpsfSb,sy7t,sy7v,wR5FRb,pXdRYb,dIoSBb,zbML3c → 200 (2ms, -738B)
[2026-09-01T03:27:38.887Z] GET https://www.gstatic.com/_/atari/_/js/k=atari.vw.en_US.l4VLTz75WC0.O/am=IAACDAAE/d=0/rs=AGEqA5nkRSfxbPdnl2LhmdAy2jUfgO7YdA/m=sy42,sy44,fuVYe,sy48,sy49,CG0Qwb → 200 (?ms, -738B)
[2026-09-01T03:27:38.890Z] GET https://www.gstatic.com/_/atari/_/js/k=atari.vw.en_US.l4VLTz75WC0.O/am=IAACDAAE/d=0/rs=AGEqA5nkRSfxbPdnl2LhmdAy2jUfgO7YdA/m=sy1q,sy1y,Ae65rd,rCcCxc,sy73,gJzDyc,uu7UOe,sy7b,soHxf,CuaHnc,sy7c,uY3Nvd,mxS5xe,sy6q,HYv29e → 200 (?ms, -738B)
[2026-09-01T03:27:38.893Z] POST https://play.google.com/log?format=json&hasfast=true&authuser=0 → pending (?ms, ?B)
[2026-09-01T03:27:41.831Z] POST https://sites.google.com/_/view/naLogImpressions?authuser=0 → pending (?ms, ?B)
[2026-09-01T03:27:41.832Z] POST https://play.google.com/log?format=json&hasfast=true&authuser=0 → pending (?ms, ?B)
[2026-09-01T03:27:44.008Z] POST https://www.google-analytics.com/g/collect?v=2&tid=G-XRQ92MLXDH&gtm=45je68s1v9243598106za200zd9243598106&_p=1788233258643&gcd=13l3l3l3l1l1&npa=0&dma=0&gdid=dZWRiYj&_eu=AAAAAAQ&are=1&cid=1809352281.1788233124&frm=0&ngs=1&pscdl=noapi&rcb=14&sr=1280x720&uaa=x86&uab=64&uafvl=Not%253AA-Brand%3B99.0.0.0%7CHeadlessChrome%3B145.0.7632.6%7CChromium%3B145.0.7632.6&uam=&uamb=0&uap=Windows&uapv=19.0.0&uaw=0&ul=es-mx&_s=1&tag_exp=115616985~115938465~115938469~118897920~118897930~119259606~120213116~120385422&sid=1788233123&sct=1&seg=1&dl=https%3A%2F%2Fsites.google.com%2Ftec.mx%2Femprendimiento-tec%2Fsparkcamp&dt=Experiencias%20de%20Emprendimiento%20-%20SparkCamp&en=page_view&_ee=1&tfd=7255 → pending (?ms, ?B)
[2026-09-01T03:29:29.116Z] GET https://sites.google.com/tec.mx/emprendimiento-tec/lab-idea-trailing → 200 (308ms, 44428B)
[2026-09-01T03:29:29.457Z] POST https://play.google.com/log?hasfast=true&authuser=0&format=json → pending (?ms, ?B)
[2026-09-01T03:29:29.460Z] POST https://www.google-analytics.com/g/collect?v=2&tid=G-XRQ92MLXDH&gtm=45je68s1v9243598106za200zd9243598106&_p=1788233258643&gcd=13l3l3l3l1l1&npa=0&dma=0&gdid=dZWRiYj&_eu=AAAAAAQ&are=1&cid=1809352281.1788233124&frm=0&ngs=1&pscdl=noapi&rcb=14&sr=1280x720&uaa=x86&uab=64&uafvl=Not%253AA-Brand%3B99.0.0.0%7CHeadlessChrome%3B145.0.7632.6%7CChromium%3B145.0.7632.6&uam=&uamb=0&uap=Windows&uapv=19.0.0&uaw=0&ul=es-mx&_s=2&tag_exp=115616985~115938465~115938469~118897920~118897930~119259606~120213116~120385422&sid=1788233123&sct=1&seg=1&dl=https%3A%2F%2Fsites.google.com%2Ftec.mx%2Femprendimiento-tec%2Fsparkcamp&dt=Experiencias%20de%20Emprendimiento%20-%20SparkCamp&en=user_engagement&_et=110438&tfd=112700 → pending (?ms, ?B)
[2026-09-01T03:29:29.460Z] POST https://www.google.com/g/collect?v=2&tid=G-XRQ92MLXDH&gtm=45je68s1v9243598106za200zd9243598106&_p=1788233258643&gcd=13l3l3l3l1l1&npa=0&dma=0&gdid=dZWRiYj&_eu=AAAAAAQ&are=1&cid=1809352281.1788233124&frm=0&ngs=1&pscdl=noapi&rcb=14&sr=1280x720&uaa=x86&uab=64&uafvl=Not%253AA-Brand%3B99.0.0.0%7CHeadlessChrome%3B145.0.7632.6%7CChromium%3B145.0.7632.6&uam=&uamb=0&uap=Windows&uapv=19.0.0&uaw=0&ul=es-mx&_s=2&tag_exp=115616985~115938465~115938469~118897920~118897930~119259606~120213116~120385422&sid=1788233123&sct=1&seg=1&dl=https%3A%2F%2Fsites.google.com%2Ftec.mx%2Femprendimiento-tec%2Fsparkcamp&dt=Experiencias%20de%20Emprendimiento%20-%20SparkCamp&en=user_engagement&_et=110438&tfd=112700&gaf=1 → pending (?ms, ?B)
[2026-09-01T03:29:29.467Z] GET https://fonts.googleapis.com/css?family=Google+Sans:400,500|Roboto:300,400,500,700|Source+Code+Pro:400,700&display=swap → 200 (2ms, -743B)
[2026-09-01T03:29:29.470Z] GET https://fonts.googleapis.com/css?family=Kumbh%20Sans%3Ai%2Cbi%2C700%2C600%2C400&display=swap → 200 (?ms, -743B)
[2026-09-01T03:29:29.470Z] GET https://fonts.googleapis.com/css?family=Poppins%3Ai%2Cbi%2C700%2C500%2C600%2C400&display=swap → 200 (?ms, -743B)
[2026-09-01T03:29:29.471Z] GET https://www.gstatic.com/_/atari/_/ss/k=atari.vw.aSyuBU2ZkRc.L.W.O/am=IAACDAAE/d=1/rs=AGEqA5nynIqRTnfpmbAdLcnbMGD_o1xU2w → 200 (?ms, -732B)
[2026-09-01T03:29:29.482Z] POST https://csp.withgoogle.com/csp/proto/6b8ce7c01e3dacd3d2c7a8cd322ff979 → 204 (176ms, -17B)
[2026-09-01T03:29:29.482Z] GET https://apis.google.com/js/client.js?onload=gapiLoaded → 200 (?ms, -839B)
[2026-09-01T03:29:29.484Z] GET https://apis.google.com/_/scs/abc-static/_/js/k=gapi.lb.en.zhTT8Br0Ho8.O/m=client/rt=j/sv=1/d=1/ed=1/rs=AHpOoo-7LeULGjNQZRvhdu3G71akb6JY6A/cb=gapi.loaded_0?le=scs → 200 (?ms, -919B)
[2026-09-01T03:29:29.517Z] GET https://www.googletagmanager.com/gtag/js?id=G-XRQ92MLXDH → 200 (?ms, -586B)
[2026-09-01T03:29:29.518Z] GET https://lh3.googleusercontent.com/sitesv/AG8ngQVL4nP9IrHLJMfkat6uNWVTpZCL8DkUHndFcGK6B0UCLza0SCV7YbOmNpth1QU4xrOL4EwODMfj67YBCqz0kEvbsaoEldCXYR4f5Z3pARN_MspMK4-83xPy-cyArAWQaaJ56q1RYE5YTeef3ZOLKo5XuFBU255VnqJtjgKfPLvSKHQPH9ad3zkARkVq=w16383 → pending (?ms, ?B)
[2026-09-01T03:29:29.529Z] GET https://lh3.googleusercontent.com/sitesv/AG8ngQU4xKsEl0Awcocx-l2g3ULl1mzy6Y83ssjuBsxn1cCMlAOSJa9YU0vSxzhVi-kiSlR68S4K4mtMKOp9Ujc9yG-PNieJSf8JJzkvXnNYbSPDRSWK8NFPdD8KrGKCltCuvKCB4-gZcGj78u3JYkwVpfWf6javTz1SHGJ2dPmOSArIX3XNVovUWO9Zvj-DmATuFLExkO_a_JTyvqi_S9zdjw_7llVSV--o7QrJEVDl=w1280 → pending (?ms, ?B)
[2026-09-01T03:29:29.529Z] GET https://lh3.googleusercontent.com/sitesv/AG8ngQU3YehaR5jxdBDBs-3iwmyAyHU53rL3J1aW6Rhk-XieKDV9drBf7USe0uFTFu0B1NvqbJFUUuCINUZud1t-ySQEYeaKNob2rB6_o1YYBaR8zG5Bq1LhqOYWoFKH-f0WQZVedmKtdlcNE4meDcOEn1thbOZF7Kv79nUbl-3Fkqxma21v3guUOKVne-P0dGNcn1V5Z_AcN0kJOlpjA9CU8lYCYVA2G7rChWgI_WShIwg=w1280 → 200 (152ms, ?B)
[2026-09-01T03:29:29.529Z] GET https://lh3.googleusercontent.com/sitesv/AG8ngQVlcBV2ALdgU9fVB74hn2iahcAVf5QXq4pbwaumCXluyNvb7DTVRZoepvFiqJnN-tcKhkCCNy6I3EcQ520SLJfhWquBQxHowkVBrWnuPmk4gCexh1whYj5X73h3Aq6vm-z4JC2S5Pjf3RsXKhHFM0dfTTMrazA5IJN0K8urTZfWqbu2R4xVXwhzE9iJQ6h5_jaQ_3jcGMSG3_ozUfm0LaTYHpGLLhf_RCZ6kUaF=w1280 → 200 (125ms, ?B)
[2026-09-01T03:29:29.529Z] GET https://lh3.googleusercontent.com/sitesv/AG8ngQWLMa79-iHuL8d8PjG8lkYkH6_DHGPJg7VGiKtaNrG_oCYvNy4nf_AhKAqqZRToSGsCpmmMcdRTDN31rbbS3ALcUo3BeFrtFhQCtPH1_VSN4tqa_GDfSY-1IBjGmR4jkxlKB83eacG7Mz-r_Nfx8alpBSUIdrixkxLwAGvaCFjQ6XVcGSZX3cS6bt2ffjLUUH43SXyXjLeH629kTMaDD6cJFcrXIkdmv7zRG188JdM=w1280 → pending (?ms, ?B)
[2026-09-01T03:29:29.531Z] GET https://lh3.googleusercontent.com/sitesv/AG8ngQVjqPPvdGPQ45f2V1uN-j3HGfu7FzWBPbm7gqq8BN4Cl19rt8o8jEmi58hasQ5MV9C1PC6l6tYWuPayf8h9JnBVGEMbmJtmf7bsqbhppMCpW9U7BeNRvguvsOMTexH8ka9iTLedM_f_lwUezX2_Bxbsd3rNpzt9K5z75dxarx3H6en57fRqpJQAKpmfRBjBvKK3qbG2YtO03Q4W9_zelfabWtdmOx1743Q-0TkxGp4=w1280 → pending (?ms, ?B)
[2026-09-01T03:29:29.531Z] GET https://lh3.googleusercontent.com/sitesv/AG8ngQXCtnGo5Ol_LXXwPJkvIljuxwIDvUV3qDoa1RYVmZIsQhFwB7jlnJ-wtgtzn9z_6x04JN07fwq53TQT5nE5MaS5Emqujx_SRMDRGm3HTCWd00PT6OS_rvVYsRYrTgwgiBNTVHgN0mL-YXYE21OPJQ9HekyKG6Jyd7IVtBO2DHlgeum7nrKXQl9dnDNLrmJRrgJcHkRuM5BBi8TGKCwzGky8YAydsinqjIkgA8W2gaU=w1280 → pending (?ms, ?B)
[2026-09-01T03:29:29.531Z] GET https://lh3.googleusercontent.com/sitesv/AG8ngQWgd6uyUaAVNMYsB0mqC2MKTnsgO2Z17otT2Q29jZg5eCG_kZu5h2xPJkRuTwl9l33xRL8_IKKr4H95ajXvLYFKAPjNj_38gor20rbqg5aaXTMfyR4Q0NJs_9WKqy9ojf-q7ewjue11-ocTrJjEKrzYTPNjdlU_lrpiSJUHgArVtHnTctgtJA_LpRKVZ5FeLMcfrDY5THqU-rWAV2tsnN2X07a_sT2Xy4VkcoSNMBs=w1280 → pending (?ms, ?B)
[2026-09-01T03:29:29.532Z] GET https://lh3.googleusercontent.com/sitesv/AG8ngQVujPuWEqe3oIivKf711a-4ByXMMECH26pJGphN9T8aLZZBBKhQqy1ZxYhIlvXuEPGazaaGQIfVvl2CPz1hOuQiNAFMGfDnwgZOVLhrwvL9D86Jf7BHx9RlPK6Hb6ItrkKbrdri4oKqPoTQfppEYgiGBxNRER9LJ0xlUIipU8S2AnJX-sC7wVOHhZ_gBwQpmE5m-LiWlTLWQ7bWtsSpqS0FXNiFDrk1-_VP4XswH80=w1280 → pending (?ms, ?B)
[2026-09-01T03:29:29.532Z] GET https://lh3.googleusercontent.com/sitesv/AG8ngQWv3NoWgSc71uDCRBKwk0HlR9KxXEtOudW0e3s3uYN4Ym7-KhegStLZ1JKNST-mF2zXPiVRtodedDyaVDPP6XL7P-w9x9PIX8U0zSbSBIBhyj9kHfMLXTzLgV5i6A_wnW5aAqq5K5OJxKySItuRm52YpisOATYt3q1ZRjA_4cgy8vT0P8CKs70PHbWae7t9Ql08QSKu7SIrnffY2hNCFP7wFZ438zR5pP4SWGUzbyQ=w1280 → pending (?ms, ?B)
[2026-09-01T03:29:29.532Z] GET https://lh3.googleusercontent.com/sitesv/AG8ngQX4FG4b2J_LhsrKriCnejaSgLbasfKLTd6J_6YMYToitiXcJKk6W1jH0wIC2vZ-r5dJGZLXw3BLx2fSp82KIgMPWk7vlvvJE3vJ4WcKltlORvyIy2sBSXYQq1xgSZ-hsPKzPn6RkNY28di82Qz0W0cBy_lk0tnVEJXlT6YQ-L6DPtf7XpBq5gu22runhvuaB70v74aiPIPJ-ffwWPiwhE0EKZq4Y29Tz_uB_e3ru-Q=w1280 → pending (?ms, ?B)
[2026-09-01T03:29:29.532Z] GET https://lh3.googleusercontent.com/sitesv/AG8ngQU0bW6e_Qry6avIX-jPkBi2ujJm9mZTTTAcuK8Rlit2Jy2S6zihj3A611HS1XhUoJlC-JJw2GWFJz6y4rse19vo4X5auG0Qdv20nPrb-yOednjQF3L_i5Q-mP5OdH4V5jCvvAHyiELYvw_lS5lIdoG4R3sGk3m45wnbOszYuzSnrJjJ0irsegzeCbmW2ZZYJ-NUpMHgu3hSFDFMl7ZgQf9-d8FFxdi60L0inlCNf-o=w1280 → pending (?ms, ?B)
[2026-09-01T03:29:29.532Z] GET https://lh3.googleusercontent.com/sitesv/AG8ngQUcI3Bj1N3NanROsV1vg4ahvL5vmmCKrBNOJ5MrB6FHVK__jJQlo8uc3TrJCtj_iOfq8TnU2SzcqfzqEXe6uDT3GRGhgNYsA4HxhvicJW_pKmA-2xVorVrzEOyiDuXfW2CEjoV5gHXpoEdDvULFBWCF_HIiiKXwpTkxgZgSJQzMj4-8efQ-eEUlU6VwpG2ImjEJ-o47o3yc9oicmfL4EX0nvMWOCcOusJz1hX1GT8o=w1280 → pending (?ms, ?B)
[2026-09-01T03:29:29.532Z] GET https://lh3.googleusercontent.com/sitesv/AG8ngQU7rC82Gmzwb09qewcOF31JS_C0QRcedeo2__CKaMyHeE0xLR9hmTkToMsudlMPzXVTLNf68bX895sPYutWea1PBzKAFLYyMAeqgAnfLBNfNJZfXv7W4Ie0paSRN0nO6iq5z1IW4KyE2yxuKM9awHokJGu631ZpEgXSESMwW9kIfPg4XzGS42WPIswHUroM1-H4v9l4HzoalcNC5FOeZowRDX121hv_CElUI0DFKRM=w1280 → pending (?ms, ?B)
[2026-09-01T03:29:29.532Z] GET https://lh3.googleusercontent.com/sitesv/AG8ngQXM7GFbqKFHzwcokMjRr458FGfXrURhz-3-xwmO-y5bjsUM-CUZLguuLerdJKfWOuFk7wxqd6fOVLIEU73fW9-ERPEfAL-PluD2X67fsoPLJEXIeXkhVRstnrTw7Ob15-UT-cyh5F1wao13_36NHS8pZ10_-MMij_W71EpZ7jbrHYXeN56AyAZYzM-TN03KXmCEH1n1yHzfF65SsRP6IOKvp5kY9xGYVzWrD7MPY0M=w1280 → pending (?ms, ?B)
[2026-09-01T03:29:29.532Z] GET https://lh3.googleusercontent.com/sitesv/AG8ngQUfYCdEgFvm7raFMfFNIgvrR_-wVyI8NaYhNA42WbFM20YB_TznphssAy9jmRlRu8BQpiGk2qFZwO7d_YVHFwB_aTgvj6_ws-zm5wiYwb3rwaSLflXGSrl3EXArSS0h7Cz1UswD2MGH-5yI77T3mqWFUt9JlGYm3r41drkPxPeC1UVVaBGY5CjfhCV5dHfYJKn8swRWcQsq0j_luFSkQ3j8Qvr3KAVVyEMDveAP=w1280 → pending (?ms, ?B)
[2026-09-01T03:29:29.532Z] GET https://lh3.googleusercontent.com/sitesv/AG8ngQUIiqEQSNYd_scOAqepHamIcPhjwW-I1z_Bmk79lIgtfCJ-W7aOugTkhh61Z24s0ChB5jhitf6pmCOnNaR1VKEjUvqyVrBMJ6c1d-uNkYdx2cYN_XAQegkLH15I6YQ_ATzFwYtrOl_xQ5umJBrECpBdLJUrvVfD2P7HjtIA8q4e5O3bS3GJGTU1lYYpYAYXbSiLh9K1-KUJpfnKlCPxrPNz4ZxbHSMk5XwG0W7hUYE=w1280 → pending (?ms, ?B)
[2026-09-01T03:29:29.532Z] GET https://lh3.googleusercontent.com/sitesv/AG8ngQW_4QrS3R9v0SDtsmwTajzZh8f5XblbKVGPp6yj69F3v65lNVuCBvFQ5HJInd7IrBOoUSu9ZVh87pmztOjju_Yf0ZFQUp7jdAvtrFusrpUQptBNyhtYl9DQZWFoExcOlGhZPU-1YyZSDt0F6UqPTLMXoS2ZQvUBofaJxUxJuevKZcZCJoIRZdjvPfdDWwvvQhqTRsWl4wHAC89C9MzDuKw6GjDxdspf6kutO_aU=w1280 → pending (?ms, ?B)
[2026-09-01T03:29:29.532Z] GET https://lh3.googleusercontent.com/sitesv/AG8ngQW5UCrtGJPXxFLr0pJJ0FFRmrQEFA4L34WyuvNt7RyV5_RfyVutlg69AttCcdDoOeE1VpcwG5v_VqHSX3C8lgg_UWj8c7klqf2KfTm-tg4z-nzxPNqkLdSfKRvjf62I6Tx8zJPcZIf4LgVBRvCenkl0IG7zN1Wd-49PT6dmQySVnbCo25a_n-jyBCkL8Rny_OuGA0vBp5oM8YWpsfGqkjEwNbbOPcXmTe-aovy76_s=w1280 → pending (?ms, ?B)
[2026-09-01T03:29:29.532Z] GET https://lh3.googleusercontent.com/sitesv/AG8ngQXa5Y1Lrq574mr24I6uv6ZaGFHsfnRtmJEHtHGkhGclxS3Zx7qpoJRFmCwxB-mVy8KUEWFR7IbFrOcE8UE13kmBm5SLCCek2J0Q1SHKGQ421Ju9S4WuTR7byfSypd0OSBWXUvVwVcZKrKPUgLXDSnisTxAaebFOhdv3J2QSe7eCW4mdgliZ6RbmBMGpE7lzU02d-b58Wc3SNO1yhIWxyGHSe8f8Bz9PdciufKf1uUU=w1280 → pending (?ms, ?B)
[2026-09-01T03:29:29.567Z] GET https://fonts.gstatic.com/s/googlesans/v70/4UasrENHsxJlGDuGo1OIlJfC6l_24rlCK1Yo_Iqcsih3SAyH6cAwhX9RPjIUvQ.woff2 → 200 (?ms, -815B)
[2026-09-01T03:29:29.568Z] GET https://fonts.gstatic.com/s/roboto/v51/KFO7CnqEu92Fr1ME7kSn66aGLdTylUAMa3yUBA.woff2 → 200 (?ms, -813B)
[2026-09-01T03:29:29.569Z] GET https://fonts.gstatic.com/s/kumbhsans/v27/c4mw1n92AsfhuCq6tVsaoIx1LQICk0boNoq0ShNPVo0.woff2 → 200 (6ms, -814B)
[2026-09-01T03:29:29.576Z] GET https://fonts.gstatic.com/s/poppins/v24/pxiGyp8kv8JHgFVrJJLucHtA.woff2 → 200 (?ms, -814B)
[2026-09-01T03:29:29.577Z] GET https://fonts.gstatic.com/s/poppins/v24/pxiDyp8kv8JHgFVrJJLmy15VF9eO.woff2 → 200 (?ms, -813B)
[2026-09-01T03:29:29.577Z] GET https://fonts.gstatic.com/s/poppins/v24/pxiEyp8kv8JHgFVrJJfecg.woff2 → 200 (?ms, -814B)
[2026-09-01T03:29:29.578Z] GET https://fonts.gstatic.com/s/poppins/v24/pxiByp8kv8JHgFVrLGT9Z1xlFQ.woff2 → 200 (1ms, -813B)
[2026-09-01T03:29:29.579Z] GET https://fonts.gstatic.com/s/poppins/v24/pxiByp8kv8JHgFVrLCz7Z1xlFQ.woff2 → 200 (?ms, -813B)
[2026-09-01T03:29:29.580Z] GET https://lh3.googleusercontent.com/sitesv/AG8ngQUyiUq9C5p8Q4yfGxR_UhJkb6LOU1u1yb9HtKHPuLKFmz3TNYSdLBGleVHoTQcgm_y8DQ8fpKElR6kAz7TnJ6uqBSAgciUIrAy9VyNTAznTp8fanB5E1vgt9AiQB8NSs-bbDC2cFAPVniOx0_mncZsiaQidaZgIqj88HSAKvsCykVn1QEA_cyt8j5VO=w16383 → pending (?ms, ?B)
[2026-09-01T03:29:29.580Z] GET https://lh3.googleusercontent.com/sitesv/AG8ngQVr617k2zUpdx0FQlZ7GZ5FXacQUrllfmInGajVjw5DKzflpYbBIcDsa_EoAj9u0I_KFNpmkCJzHiHpxZOeTE1lbzd-P7D_9NTYaUfpc3zv4Gm5aAB9cfIj8b3AXQuPLFs1IDmiGzFPfduL4jOH_bc5XCRJEiH9SBw_pv3LlqCVyy_PaOm6qg6kbN7CmeE=w16383 → pending (?ms, ?B)
[2026-09-01T03:29:29.580Z] GET https://lh3.googleusercontent.com/sitesv/AG8ngQXq22LVp2NrY2UCz07MZ4T46S26-sR82Yh3JlI8SjI48UR4wPTDEYI-5UKYZ1xZ4lTGq_1pRtvFajXkPbnlb5ZJZvXWq77Eb33vBHrriwxwvYpAZYX9OcxJeItnSrvnjz5PPYSxdpH8L9CSw6-sjifgIr2Wr8jCqke_CNi2T7lZmRewgUse-_agG6E101U=w16383 → pending (?ms, ?B)
[2026-09-01T03:29:29.580Z] GET https://lh3.googleusercontent.com/sitesv/AG8ngQUveJq-0-8NSkKHIqvQWEws2-WsnEHTpuVMPE_fL2sq0lkAub_ygLK_eRMTd8yQusXMeOQzcZt4CelLwQONyDJl5g4sAdeis1co4HvDaK7xcdZFPeNVhksI5ZMdcANy-eyYMI95m2xB-JOFj3A28wrs3OED_TeT1SoB19lmam6bSxyeIfwGWAXa0TF-Or8=w16383 → pending (?ms, ?B)
[2026-09-01T03:29:29.632Z] GET https://www.gstatic.com/_/atari/_/js/k=atari.vw.en_US.l4VLTz75WC0.O/am=IAACDAAE/d=1/rs=AGEqA5nkRSfxbPdnl2LhmdAy2jUfgO7YdA/m=view → 200 (1ms, -739B)
[2026-09-01T03:29:29.635Z] GET https://www.gstatic.com/_/atari/_/js/k=atari.vw.en_US.l4VLTz75WC0.O/am=IAACDAAE/d=0/rs=AGEqA5nkRSfxbPdnl2LhmdAy2jUfgO7YdA/m=sy4b,sy4c,sy4a,FoQBg → 200 (1ms, -738B)
[2026-09-01T03:29:29.636Z] GET https://www.gstatic.com/_/atari/_/js/k=atari.vw.en_US.l4VLTz75WC0.O/am=IAACDAAE/d=0/rs=AGEqA5nkRSfxbPdnl2LhmdAy2jUfgO7YdA/m=sy76,TRvtze → 200 (?ms, -736B)
[2026-09-01T03:29:29.652Z] GET https://www.gstatic.com/_/atari/_/js/k=atari.vw.en_US.l4VLTz75WC0.O/am=IAACDAAE/d=0/rs=AGEqA5nkRSfxbPdnl2LhmdAy2jUfgO7YdA/m=LLHPdb,sy2y,ws9Tlc,cEt90b,sy87,KUM7Z,MpJwZc,n73qwf,A4UTCb,sy2x,L1AAkb,aW3pY,RyvaUb,sy2t,sy39,owcnme,sy3a,sy3b,O6y8ed,mzzZzc,CHCSlb,qAKInc,sy3n,YXyON,sy3s,sy3r,iTeaXe,sy78,abQiW,sy14,sy13,sy12,syx,syw,sy3c,pxq3x,sy3d,syq,sy3e,sy3x,syy,sy29,sy3f,sy4q,sy77,EGNJFf,V3dDOb,sy2w,ENNBBf,syh,syj,syf,syg,syd,syp,syc,sy3i,yf2Bs,sy1i,sy1p,sy1e,sy1c,sy1f,sy1n,sy1k,sy1o,sy1h,sy1d,sy1j,sy1l,sy1m,sy1g,syt,sy37,fmklff,TGYpv,XVMNvd,sy84,yxTchf,sy85,sy86,xQtZb,iSvg6e,N5Lqpc,sy3v,sy3w,sy3t,sy3u,sy3q,sy3y,sy3z,pc62j,qEW1W,oNFsLb,syk,syn,syo,sy3j,sy3k,iwfZq,m9oV,sy30,RAnnUd,i5dxUd,sy2z,sy31,sy32,sy33,sy2e,etBPYb,i5H9N,SU9Rsf,sy34,sy35,sy36,sy2c,sy2f,PHUIyb,qNG0Fc,syu,syv,syz,qTnoBf,NJ1rfe,ywOR5c,sy38,sye,wg1P6b,EcW08c,sy3g,sy3h,t8tqF,qddgKe,sy7a,SM1lmd,eEDsnd,sy10,sy11,sys,RRzQxe,sya,sy9,sy17,sy21,yyxWAc,sy0,sy1,sy7,sy2d,sy6,sy2b,sy2g,sy2a,sy28,sy2h,sy2i,sy1t,sy5k,syr,sy19,sy20,sy72,syb,sy4j,sy6v,sy18,fNFZH,sy79,sy3p,sy4p,sy2j,i16Xfc,sy4d,zJMuOc,RrXLpc,sy43,sy45,sy47,sy4e,sy4f,sy4g,tCGzVe,Ej8J2c,odWSx,cgRV2c,sy1z,sy3o,sy57,o1L5Wb,X4BaPc,vVEdxc,sy4,sy5,sy3l,sy4i,RQOkef,sy25,sy24,sy26,sy8,sy16,sy1v,sy1w,sy23,gaMBzf,sy6w,sy27,fVuHhf,sy70,j1RDQb,sy4l,sy4t,sy4s,sy4n,sy4k,sy4o,syi,sy1s,sy46,sy4h,sy4m,sy4r,sy4u,Md9ENb → 200 (2ms, -739B)
[2026-09-01T03:29:29.676Z] POST https://sites.google.com/_/view/naLogImpressions?authuser=0 → pending (?ms, ?B)
[2026-09-01T03:29:29.732Z] GET https://www.gstatic.com/feedback/js/help/prod/service/lazy.min.js → 200 (1ms, -886B)
[2026-09-01T03:29:29.737Z] GET https://www.gstatic.com/_/atari/_/js/k=atari.vw.en_US.l4VLTz75WC0.O/am=IAACDAAE/d=0/rs=AGEqA5nkRSfxbPdnl2LhmdAy2jUfgO7YdA/m=IZT63,YYmHzb,vfuNJf,sy7r,sy7w,sy7y,sy8a,sy88,sy89,siKnQd,sy7q,sy7x,sy7z,YNjGDd,sy80,PrPYRd,iFQyKf,hc6Ubd,sy8b,SpsfSb,sy7t,sy7v,wR5FRb,pXdRYb,dIoSBb,zbML3c → 200 (?ms, -738B)
[2026-09-01T03:29:29.738Z] GET https://www.gstatic.com/_/atari/_/js/k=atari.vw.en_US.l4VLTz75WC0.O/am=IAACDAAE/d=0/rs=AGEqA5nkRSfxbPdnl2LhmdAy2jUfgO7YdA/m=sy42,sy44,fuVYe,sy48,sy49,CG0Qwb → 200 (?ms, -738B)
[2026-09-01T03:29:29.740Z] GET https://www.gstatic.com/_/atari/_/js/k=atari.vw.en_US.l4VLTz75WC0.O/am=IAACDAAE/d=0/rs=AGEqA5nkRSfxbPdnl2LhmdAy2jUfgO7YdA/m=sy1q,sy1y,Ae65rd,rCcCxc,sy73,gJzDyc,uu7UOe,sy7b,soHxf,CuaHnc,sy7c,uY3Nvd,mxS5xe,sy6q,HYv29e → 200 (?ms, -738B)
[2026-09-01T03:29:29.748Z] POST https://play.google.com/log?format=json&hasfast=true&authuser=0 → pending (?ms, ?B)
[2026-09-01T03:29:32.678Z] POST https://sites.google.com/_/view/naLogImpressions?authuser=0 → pending (?ms, ?B)
[2026-09-01T03:29:32.679Z] POST https://play.google.com/log?format=json&hasfast=true&authuser=0 → pending (?ms, ?B)
[2026-09-01T03:29:34.859Z] POST https://www.google-analytics.com/g/collect?v=2&tid=G-XRQ92MLXDH&gtm=45je68s1v9243598106za200zd9243598106&_p=1788233369514&gcd=13l3l3l3l1l1&npa=0&dma=0&gdid=dZWRiYj&_eu=AAAAAAQ&are=1&cid=1809352281.1788233124&frm=0&ngs=1&pscdl=noapi&rcb=17&sr=1280x720&uaa=x86&uab=64&uafvl=Not%253AA-Brand%3B99.0.0.0%7CHeadlessChrome%3B145.0.7632.6%7CChromium%3B145.0.7632.6&uam=&uamb=0&uap=Windows&uapv=19.0.0&uaw=0&ul=es-mx&_s=1&tag_exp=115616986~115938466~115938468~118897920~118897930~120213116~120385422&sid=1788233123&sct=1&seg=1&dl=https%3A%2F%2Fsites.google.com%2Ftec.mx%2Femprendimiento-tec%2Flab-idea-trailing&dt=Experiencias%20de%20Emprendimiento%20-%20LAB%20Idea%20Trailing&en=page_view&_ee=1&tfd=5739 → 204 (135ms, ?B)
[2026-09-01T03:29:45.747Z] GET https://sites.google.com/tec.mx/emprendimiento-tec/EBC → pending (?ms, ?B)
[2026-09-01T03:29:45.961Z] POST https://play.google.com/log?hasfast=true&authuser=0&format=json → pending (?ms, ?B)
[2026-09-01T03:29:45.961Z] POST https://www.google-analytics.com/g/collect?v=2&tid=G-XRQ92MLXDH&gtm=45je68s1v9243598106za200zd9243598106&_p=1788233369514&gcd=13l3l3l3l1l1&npa=0&dma=0&gdid=dZWRiYj&_eu=AAAAAAQ&are=1&cid=1809352281.1788233124&frm=0&ngs=1&pscdl=noapi&rcb=17&sr=1280x720&uaa=x86&uab=64&uafvl=Not%253AA-Brand%3B99.0.0.0%7CHeadlessChrome%3B145.0.7632.6%7CChromium%3B145.0.7632.6&uam=&uamb=0&uap=Windows&uapv=19.0.0&uaw=0&ul=es-mx&_s=2&tag_exp=115616986~115938466~115938468~118897920~118897930~120213116~120385422&sid=1788233123&sct=1&seg=1&dl=https%3A%2F%2Fsites.google.com%2Ftec.mx%2Femprendimiento-tec%2Flab-idea-trailing&dt=Experiencias%20de%20Emprendimiento%20-%20LAB%20Idea%20Trailing&en=user_engagement&_et=16088&tfd=16836 → pending (?ms, ?B)
[2026-09-01T03:29:45.964Z] POST https://www.google.com/g/collect?v=2&tid=G-XRQ92MLXDH&gtm=45je68s1v9243598106za200zd9243598106&_p=1788233369514&gcd=13l3l3l3l1l1&npa=0&dma=0&gdid=dZWRiYj&_eu=AAAAAAQ&are=1&cid=1809352281.1788233124&frm=0&ngs=1&pscdl=noapi&rcb=17&sr=1280x720&uaa=x86&uab=64&uafvl=Not%253AA-Brand%3B99.0.0.0%7CHeadlessChrome%3B145.0.7632.6%7CChromium%3B145.0.7632.6&uam=&uamb=0&uap=Windows&uapv=19.0.0&uaw=0&ul=es-mx&_s=2&tag_exp=115616986~115938466~115938468~118897920~118897930~120213116~120385422&sid=1788233123&sct=1&seg=1&dl=https%3A%2F%2Fsites.google.com%2Ftec.mx%2Femprendimiento-tec%2Flab-idea-trailing&dt=Experiencias%20de%20Emprendimiento%20-%20LAB%20Idea%20Trailing&en=user_engagement&_et=16088&tfd=16836&gaf=1 → pending (?ms, ?B)
[2026-09-01T03:29:45.979Z] GET https://fonts.googleapis.com/css?family=Google+Sans:400,500|Roboto:300,400,500,700|Source+Code+Pro:400,700&display=swap → 200 (?ms, -743B)
[2026-09-01T03:29:45.980Z] GET https://fonts.googleapis.com/css?family=Kumbh%20Sans%3Ai%2Cbi%2C700%2C400&display=swap → 200 (?ms, -743B)
[2026-09-01T03:29:45.982Z] GET https://fonts.googleapis.com/css?family=Poppins%3Ai%2Cbi%2C700%2C500%2C600%2C400&display=swap → 200 (?ms, -743B)
[2026-09-01T03:29:45.983Z] GET https://www.gstatic.com/_/atari/_/ss/k=atari.vw.aSyuBU2ZkRc.L.W.O/am=IAACDAAE/d=1/rs=AGEqA5nynIqRTnfpmbAdLcnbMGD_o1xU2w → 200 (?ms, -732B)
[2026-09-01T03:29:46.267Z] GET https://apis.google.com/js/client.js?onload=gapiLoaded → 200 (?ms, -839B)
[2026-09-01T03:29:46.269Z] GET https://apis.google.com/_/scs/abc-static/_/js/k=gapi.lb.en.zhTT8Br0Ho8.O/m=client/rt=j/sv=1/d=1/ed=1/rs=AHpOoo-7LeULGjNQZRvhdu3G71akb6JY6A/cb=gapi.loaded_0?le=scs → 200 (?ms, -919B)
[2026-09-01T03:29:46.270Z] GET https://www.googletagmanager.com/gtag/js?id=G-XRQ92MLXDH → 200 (?ms, -586B)
[2026-09-01T03:29:46.271Z] GET https://lh3.googleusercontent.com/sitesv/AG8ngQWAgwRbV4uA002YcnTNavzBJ6Mq-DYV0-QL0OrSEDDqW5Y_U5mISAA5xxnfzfBGfKJzfFfVLenaO5Q66WzReIy15-7k8oVVgDpN9iG2wMRa8Pn8iRciA8MZMfInwKnUKkkADnUNwyGrZ1W7sGcq3Slr2s5ZqU9DqaA6SwvYNxWF3Jmqwosi6-EIpEtdJJo=w16383 → 200 (128ms, ?B)
[2026-09-01T03:29:46.276Z] GET https://fonts.gstatic.com/s/googlesans/v70/4UasrENHsxJlGDuGo1OIlJfC6l_24rlCK1Yo_Iqcsih3SAyH6cAwhX9RPjIUvQ.woff2 → 200 (?ms, -815B)
[2026-09-01T03:29:46.277Z] GET https://fonts.gstatic.com/s/roboto/v51/KFO7CnqEu92Fr1ME7kSn66aGLdTylUAMa3yUBA.woff2 → 200 (?ms, -813B)
[2026-09-01T03:29:46.278Z] GET https://fonts.gstatic.com/s/kumbhsans/v27/c4mw1n92AsfhuCq6tVsaoIx1LQICk0boNoq0ShNPVo0.woff2 → 200 (?ms, -814B)
[2026-09-01T03:29:46.278Z] GET https://fonts.gstatic.com/s/poppins/v24/pxiGyp8kv8JHgFVrJJLucHtA.woff2 → 200 (3ms, -814B)
[2026-09-01T03:29:46.281Z] GET https://fonts.gstatic.com/s/poppins/v24/pxiDyp8kv8JHgFVrJJLmy15VF9eO.woff2 → 200 (?ms, -813B)
[2026-09-01T03:29:46.282Z] GET https://fonts.gstatic.com/s/poppins/v24/pxiEyp8kv8JHgFVrJJfecg.woff2 → 200 (?ms, -814B)
[2026-09-01T03:29:46.283Z] GET https://fonts.gstatic.com/s/poppins/v24/pxiByp8kv8JHgFVrLGT9Z1xlFQ.woff2 → 200 (?ms, -813B)
[2026-09-01T03:29:46.283Z] GET https://fonts.gstatic.com/s/poppins/v24/pxiByp8kv8JHgFVrLCz7Z1xlFQ.woff2 → 200 (?ms, -813B)
[2026-09-01T03:29:46.387Z] GET https://lh3.googleusercontent.com/sitesv/AG8ngQXa5Y1Lrq574mr24I6uv6ZaGFHsfnRtmJEHtHGkhGclxS3Zx7qpoJRFmCwxB-mVy8KUEWFR7IbFrOcE8UE13kmBm5SLCCek2J0Q1SHKGQ421Ju9S4WuTR7byfSypd0OSBWXUvVwVcZKrKPUgLXDSnisTxAaebFOhdv3J2QSe7eCW4mdgliZ6RbmBMGpE7lzU02d-b58Wc3SNO1yhIWxyGHSe8f8Bz9PdciufKf1uUU=w1280 → 200 (4ms, -500B)
[2026-09-01T03:29:46.392Z] GET https://lh3.googleusercontent.com/sitesv/AG8ngQXU-xD2SDyLmn5yu3Chdr5Lj85sWzANAPenQwUVMpDQY8P0SWC6FkBYMWVWXBUhjeV3iYhfJO0NVYqsf1nRayoWwZ89EkeW9P5GE0sR_1Lkw2ABfoPHvJ85HDM1r0fJWZ5ENSl5_ZES3y1XfyGMaduGh13BUxQ9Abw6EB63R7FGUezid6FjxiK-Wkls5LVN69kks5M4KjSnhPYv8um3pzmAaNyhW2MowwCQ0iw3E3k=w1280 → 200 (407ms, ?B)
[2026-09-01T03:29:46.392Z] GET https://lh3.googleusercontent.com/sitesv/AG8ngQU_Z8AYu8cIrzFyT2ToH2lDTuq9kOmhSwGbJkCmyZhxC0OZOYmQPwibKY7QAgCGNS0IzBhMMx34wzLdym9BqrNM7LJDcuh6n2xEcIDyern0N8nrDbcW-OL9QljlHvaYtOQtHt362eJpNhZRUByiAi7sq0lRlZNQURFwfKA2YalwNsXzvBA7SGuKRiasm9OYumgNQmcIPG0xdQ8QEIwe7Pu9GMcx8daj69lCJsqB=w1280 → 200 (409ms, ?B)
[2026-09-01T03:29:46.392Z] GET https://lh3.googleusercontent.com/sitesv/AG8ngQVaT4pZ_pXg1e7JEBGQHjyRnrDpbxsLSrF4Upjq9-EZAi9ORRQGWIZXNqFV95s3I-iAey1ICNl1XdSTmF-zmx89s9skE74UQlmS00B6wdUy1INwC7_uep0LeIu8WKzjY5gtyja1gTXhLWev26qCLG1f2_AklJ_k0KgKcbpfSuWB1_rn80utMqHfZAY4Fzs0z4i_clBr6ImwEp2hWziQxPiJebF1u9_poEfRzBe-nQ8=w1280 → 200 (410ms, ?B)
[2026-09-01T03:29:46.392Z] GET https://lh3.googleusercontent.com/sitesv/AG8ngQWUL_h6fFL5TrPtQ1Bg4Fh0xL4S3Nbveax5ZCwQ0EhbQELbLuIKRIhDlaIqBz_RNgik5Dfsz2t1LJa64FGQ-MDjE73-V0y08sU5z3rieTVIAigpjgjz9cHCsMQSnx9kX-MglgKyly1QKA7Fx4VsNINbLJJx2iPfY6raUAaAULu7gCoEwuFC2grFc7RZ3w2Y2j_u4QwY-4OuqXsS6oMeGQvso0OBQ0BeIK5aLn5PXGA=w1280 → 200 (410ms, ?B)
[2026-09-01T03:29:46.392Z] GET https://lh3.googleusercontent.com/sitesv/AG8ngQX8SXeFL0zE8bqvRQVvGU98GEY8jlT1no1qb6RJMS0O3h5ncLH7sSM_fR8q1wrlcd3zzrlsLogTtWO-l2mVt9b0r_DgRRLEfRslowrVDsr7f9Ka14qmYsjmQeNLxeLBaK9_kz9K-plwDUMkSynfMyOHK7Gujb0qvMnIA7sEns7jg-QIHVCk9fQRYku3kCOEJsNoi1lW4mHKSHenWPm_tHU4grcBfD6dtIx1RZzz=w1280 → 200 (429ms, ?B)
[2026-09-01T03:29:46.392Z] GET https://lh3.googleusercontent.com/sitesv/AG8ngQU2FoN7UQxPIPBQjdU2FHet8No7u4ZPhzZVK6_T_4i7gA100vEVt1vX5apqtX5o3Abl42gXD64rkAFghfuzAVuagY-hOhGoylhdDpWMNbH41wf0Yg8qnHorVESSWiNg1HbNPaq1qTWX3bT67gT0Ec9qIULaM5AKfENyyJoofpWDhi5q9dpJeQ-RsW57COzlYHlnoyMswzU9qkkQV1EWmmASWmDwBbjmOncaviaflcA=w1280 → 200 (427ms, 1247B)
[2026-09-01T03:29:46.392Z] GET https://lh3.googleusercontent.com/sitesv/AG8ngQWlOJwvbwnCrmWzDN4IHrxcmMMgTQYjS9rhkGfQqdRbWsC9m6G0MbAhOgSSym_vtcZ8OMi0auTgurBAK18ozXaMEZb27Rot0GrZ3PaxmPxN9yTbONtBjQcwm9F3rl7WxvjGsoB7DmduFQ3dFnY7SrWif91tOW5fDB0nwVQSIT0SMyJFZMyZAXdSVXR627zsp-lTPbaWXJhotsPMOXJwBDNbemkZKgya7hn259UDJmE=w1280 → 200 (451ms, ?B)
[2026-09-01T03:29:46.392Z] GET https://lh3.googleusercontent.com/sitesv/AG8ngQWf6lklkAfldXA5tVA6oqfaiieq1GXA2UTQGBuzmiT8O0lLUJKZppFjoSHCZsq9LwVui5GOkOSJ_ixouPpWYO7AkuPGjn1y55_17TXKzSdzy9wtEMn61qq20UItMJYujdhX9_fU1tDNkWuBYs6TpYmOe-xgoTBOOtYFgahF5o7pl3-QrYKRgwqdi---_qTXoN3XSqk6mYodrikd5Vv-IOrtdnAN5FjoLW8xki7gHIk=w1280 → pending (?ms, ?B)
[2026-09-01T03:29:46.392Z] GET https://lh3.googleusercontent.com/sitesv/AG8ngQW7iRKMtdJi6nYXed0G0wFZITmFviWs54r6cZ3NrSQPgEq5YoGV_spUSpU_mdzQMqcAR1NoErk7A3DvgD_C1Pqcp-sXWDNorAIA3uwHC9wuNnc-5MVlJMOp_ZxnbjEK3lYjaFFRH1631SQ2C_d6ILaVISwYcHz54-ERRlrbp_TXBljXPB3aWsbAvjjA4cC9gV73eZWLJpTlUXFzKUALYJA0WFnll5Qa6_bxNyq0=w1280 → pending (?ms, ?B)
[2026-09-01T03:29:46.392Z] GET https://lh3.googleusercontent.com/sitesv/AG8ngQVxlBp3fuhkDT6Mq5BOAxuWUhNiZWOsBPo-OaOBNPC_XXlVqfJB5T1S-LKsgvjjFpyu8ypxGgPeUIpZrooWd86hudiIvPoVoSpQgvgGCyrdHiAnJ1QRqg3dSTpWQIy_UeLsRylW_NmCCljsh96dxJpW3uAWZSut2Cdr3ov15gHv1rDu5NuZzdEeoirERAvfADjaccHPmLpyRaPSKn37GOuJcQj5cjs_B7ULvWb6GIA=w1280 → pending (?ms, ?B)
[2026-09-01T03:29:46.392Z] GET https://lh3.googleusercontent.com/sitesv/AG8ngQVOxVTrD6UmiN7mX78NjIFFLkcCkd4FkSecgPDO1ZCJN18HGStrZXf6kQLlGnKMXA-RLZfnEUdSoyQAnDqmswNBhT1WIAXsPjbk88-1DmbAz8I8V20HGxWKOclIeKUJLFTsdy0uP7kx42bFMz4IxlL9ceHY399ZobxLuyCc3dK7GX7uSIP8PmkrLElvtr98akVbL91GY9Cg1uk98sxO0lQ7bzRE2HbIhKqndRjmfRU=w1280 → pending (?ms, ?B)
[2026-09-01T03:29:46.392Z] GET https://lh3.googleusercontent.com/sitesv/AG8ngQVcUKTbDtcnBxsBY_FO2tdAfUr7dQdJHNlEaVriU3FT1c5KGy5aX8QqBab5sXScg9yOenvxOeDvqFlRzWAAXZGfTKnOMYu7fyDdH-Xc9neD1dbfoJPIlXxiZvUQxgTWLbAkLsWAw_Aa-nsPxVZ1MecRTUnvL1hwhvxowXWPyEAvc8h3sJ8nbPmnVEaQ3BqnyUE7SuuvbuZoPcyRKY8W9mb7edxXPtITD1rh2clf=w1280 → pending (?ms, ?B)
[2026-09-01T03:29:46.393Z] GET https://lh3.googleusercontent.com/sitesv/AG8ngQVyIVxJGVkU_j4bZp4wI0M5Xh5PzAdYeGe4C_YWJO8vAWTGLqWSU-VkFsa7NcXItP0KXfYy7-rcIFCWvrm3204SEg9H1oKPuiM1_xOD_i3-vfg3AF7kK376pAuzM7tyRDu0M-v6J41-7Kcx-GMOxVlO3FwNwiA1pgU-rXirTOZ_kz9VJ160B-pyKxdXbwS_fezeunotL6vM4GVaxw89C0PWhDEfJ13q8s7ChKTAsHA=w1280 → pending (?ms, ?B)
[2026-09-01T03:29:46.393Z] GET https://lh3.googleusercontent.com/sitesv/AG8ngQXHaJTf903a8ZWzrmAoB7YKBOBoMVOIUe9pe4wbQpwe7MlS7juDUdXd6kX0B6elQJgnC2PxY0rxoDAYBYWnYfoakn-quVN_2znDdOaFwLOqF_sDTNIQ4ue64b6cnenIxiilJujaO7FGuqRpVWvnicBXS9AX5D8htmiEFrozf7vJ1MLhk1oYM7r0d8klpVa1SFdCkSlLlW16v2fWxzawOZcAOD2cA4gBi6m5TvBs=w1280 → pending (?ms, ?B)
[2026-09-01T03:29:46.393Z] GET https://www.gstatic.com/_/atari/_/js/k=atari.vw.en_US.l4VLTz75WC0.O/am=IAACDAAE/d=1/rs=AGEqA5nkRSfxbPdnl2LhmdAy2jUfgO7YdA/m=view → 200 (?ms, -739B)
[2026-09-01T03:29:46.393Z] GET https://lh3.googleusercontent.com/sitesv/AG8ngQU1dsKjOmxMXELMpNFmf424Mhzx9fhhvFuCPWiMDDPKR4vAhiwZH_zQhnTeaPJnDOPUWdaahgSg3HWY-nQyqSRgxCmGB10LCO9DHKi7bI3adit_kSId_nLg-V7JxUTOnULdSlJ5XQ1278XKiG5qXMSrQL1Z08qz9prRGEw5WfqZPlDxlM0POcM05aowKBM=w16383 → pending (?ms, ?B)
[2026-09-01T03:29:46.393Z] GET https://lh3.googleusercontent.com/sitesv/AG8ngQUxebWi5YP0M-4fbfn4OrGDy2GbcmJgTtixaFTWxaquT4O3HG3XSKQWVE9JnniPPvy42bwROyRsi-0k2y0bB6gWu5kchWxjPidS4fYkZ0EBTrwjhHqP5FM-SptWfvIT1DE_He03qXQi0hWGAPUOGzQUsDOh0xyyhK4uat4tb9zJaH8E9cRmj7mpyI3xBCk=w16383 → pending (?ms, ?B)
[2026-09-01T03:29:46.397Z] GET https://lh3.googleusercontent.com/sitesv/AG8ngQVNMRGGgqz5e_FtFcpwR8i6GyTeWNr-JL20drVwHUn3j7HB-2owTXpM8jqVhE5Lm1eDbB0h8ZroZjaMexj5Hjpn7EovrRJO_SHe5CIk-_xYiSkRuMrTnyz4gkcdlMra6FsOJhiTU9wWgghtYxqIFHhGYM8yUee7jTJL3kYsTcZqheumjnBGzUt_sltd=w16383 → pending (?ms, ?B)
[2026-09-01T03:29:46.397Z] GET https://lh3.googleusercontent.com/sitesv/AG8ngQXNoa3yBjWXKIRwRm9enYKMjoL1QVPBWx6L2O0zZGfIsE2mmbP4ye-mO3hxDwyQCYpLmjWGgDe3j-lSsgLUHkDlkV8bgA1NJWFUUTDGhki29kSbXH2hWUThwdTGQ1qPcMcQ3b0QTYepkincXF9KegiITVj8w1scXjyVAoEhUHwiTHyIJv9lL6DtC0zKocw=w16383 → pending (?ms, ?B)
[2026-09-01T03:29:46.397Z] GET https://www.gstatic.com/_/atari/_/js/k=atari.vw.en_US.l4VLTz75WC0.O/am=IAACDAAE/d=0/rs=AGEqA5nkRSfxbPdnl2LhmdAy2jUfgO7YdA/m=sy4b,sy4c,sy4a,FoQBg → 200 (?ms, -738B)
[2026-09-01T03:29:46.398Z] GET https://www.gstatic.com/_/atari/_/js/k=atari.vw.en_US.l4VLTz75WC0.O/am=IAACDAAE/d=0/rs=AGEqA5nkRSfxbPdnl2LhmdAy2jUfgO7YdA/m=sy76,TRvtze → 200 (?ms, -736B)
[2026-09-01T03:29:46.418Z] GET https://www.gstatic.com/_/atari/_/js/k=atari.vw.en_US.l4VLTz75WC0.O/am=IAACDAAE/d=0/rs=AGEqA5nkRSfxbPdnl2LhmdAy2jUfgO7YdA/m=LLHPdb,sy2y,ws9Tlc,cEt90b,sy87,KUM7Z,MpJwZc,n73qwf,A4UTCb,sy2x,L1AAkb,aW3pY,RyvaUb,sy2t,sy39,owcnme,sy3a,sy3b,O6y8ed,mzzZzc,CHCSlb,qAKInc,sy3n,YXyON,sy3s,sy3r,iTeaXe,sy78,abQiW,sy14,sy13,sy12,syx,syw,sy3c,pxq3x,sy3d,syq,sy3e,sy3x,syy,sy29,sy3f,sy4q,sy77,EGNJFf,V3dDOb,sy2w,ENNBBf,syh,syj,syf,syg,syd,syp,syc,sy3i,yf2Bs,sy1i,sy1p,sy1e,sy1c,sy1f,sy1n,sy1k,sy1o,sy1h,sy1d,sy1j,sy1l,sy1m,sy1g,syt,sy37,fmklff,TGYpv,XVMNvd,sy84,yxTchf,sy85,sy86,xQtZb,iSvg6e,N5Lqpc,sy3v,sy3w,sy3t,sy3u,sy3q,sy3y,sy3z,pc62j,qEW1W,oNFsLb,syk,syn,syo,sy3j,sy3k,iwfZq,m9oV,sy30,RAnnUd,i5dxUd,sy2z,sy31,sy32,sy33,sy2e,etBPYb,i5H9N,SU9Rsf,sy34,sy35,sy36,sy2c,sy2f,PHUIyb,qNG0Fc,syu,syv,syz,qTnoBf,NJ1rfe,ywOR5c,sy38,sye,wg1P6b,EcW08c,sy3g,sy3h,t8tqF,qddgKe,sy7a,SM1lmd,eEDsnd,sy10,sy11,sys,RRzQxe,sya,sy9,sy17,sy21,yyxWAc,sy0,sy1,sy7,sy2d,sy6,sy2b,sy2g,sy2a,sy28,sy2h,sy2i,sy1t,sy5k,syr,sy19,sy20,sy72,syb,sy4j,sy6v,sy18,fNFZH,sy79,sy3p,sy4p,sy2j,i16Xfc,sy4d,zJMuOc,RrXLpc,sy43,sy45,sy47,sy4e,sy4f,sy4g,tCGzVe,Ej8J2c,odWSx,cgRV2c,sy1z,sy3o,sy57,o1L5Wb,X4BaPc,vVEdxc,sy4,sy5,sy3l,sy4i,RQOkef,sy25,sy24,sy26,sy8,sy16,sy1v,sy1w,sy23,gaMBzf,sy6w,sy27,fVuHhf,sy70,j1RDQb,sy4l,sy4t,sy4s,sy4n,sy4k,sy4o,syi,sy1s,sy46,sy4h,sy4m,sy4r,sy4u,Md9ENb → 200 (?ms, -739B)
[2026-09-01T03:29:46.433Z] POST https://sites.google.com/_/view/naLogImpressions?authuser=0 → pending (?ms, ?B)
[2026-09-01T03:29:46.484Z] GET https://www.gstatic.com/feedback/js/help/prod/service/lazy.min.js → 200 (?ms, -886B)
[2026-09-01T03:29:46.486Z] GET https://www.gstatic.com/_/atari/_/js/k=atari.vw.en_US.l4VLTz75WC0.O/am=IAACDAAE/d=0/rs=AGEqA5nkRSfxbPdnl2LhmdAy2jUfgO7YdA/m=IZT63,YYmHzb,vfuNJf,sy7r,sy7w,sy7y,sy8a,sy88,sy89,siKnQd,sy7q,sy7x,sy7z,YNjGDd,sy80,PrPYRd,iFQyKf,hc6Ubd,sy8b,SpsfSb,sy7t,sy7v,wR5FRb,pXdRYb,dIoSBb,zbML3c → 200 (?ms, -738B)
[2026-09-01T03:29:46.487Z] GET https://www.gstatic.com/_/atari/_/js/k=atari.vw.en_US.l4VLTz75WC0.O/am=IAACDAAE/d=0/rs=AGEqA5nkRSfxbPdnl2LhmdAy2jUfgO7YdA/m=sy42,sy44,fuVYe,sy48,sy49,CG0Qwb → 200 (?ms, -738B)
[2026-09-01T03:29:46.490Z] GET https://www.gstatic.com/_/atari/_/js/k=atari.vw.en_US.l4VLTz75WC0.O/am=IAACDAAE/d=0/rs=AGEqA5nkRSfxbPdnl2LhmdAy2jUfgO7YdA/m=sy1q,sy1y,Ae65rd,rCcCxc,sy73,gJzDyc,uu7UOe,sy7b,soHxf,CuaHnc,sy7c,uY3Nvd,mxS5xe,sy6q,HYv29e → 200 (1ms, -738B)
[2026-09-01T03:29:46.493Z] POST https://play.google.com/log?format=json&hasfast=true&authuser=0 → pending (?ms, ?B)
[2026-09-01T03:29:49.438Z] POST https://sites.google.com/_/view/naLogImpressions?authuser=0 → 200 (387ms, 67B)
[2026-09-01T03:29:49.439Z] POST https://play.google.com/log?format=json&hasfast=true&authuser=0 → pending (?ms, ?B)
[2026-09-01T03:29:51.592Z] POST https://www.google-analytics.com/g/collect?v=2&tid=G-XRQ92MLXDH&gtm=45je68s1v9243598106za200zd9243598106&_p=1788233386264&gcd=13l3l3l3l1l1&npa=0&dma=0&gdid=dZWRiYj&_eu=AAAAAAQ&are=1&cid=1809352281.1788233124&frm=0&ngs=1&pscdl=noapi&rcb=19&sr=1280x720&uaa=x86&uab=64&uafvl=Not%253AA-Brand%3B99.0.0.0%7CHeadlessChrome%3B145.0.7632.6%7CChromium%3B145.0.7632.6&uam=&uamb=0&uap=Windows&uapv=19.0.0&uaw=0&ul=es-mx&_s=1&tag_exp=115616985~115938466~115938469~118897920~118897930~120213116~120385422&sid=1788233123&sct=1&seg=1&dl=https%3A%2F%2Fsites.google.com%2Ftec.mx%2Femprendimiento-tec%2FEBC&dt=Experiencias%20de%20Emprendimiento%20-%20Explora%20BaseCamp&en=page_view&_ee=1&tfd=5841 → pending (?ms, ?B)
[2026-09-01T03:30:02.513Z] GET https://sites.google.com/tec.mx/emprendimiento-tec/founder-mode-basecamp → 200 (193ms, ?B)
[2026-09-01T03:30:02.741Z] POST https://play.google.com/log?hasfast=true&authuser=0&format=json → pending (?ms, ?B)
[2026-09-01T03:30:02.741Z] POST https://www.google-analytics.com/g/collect?v=2&tid=G-XRQ92MLXDH&gtm=45je68s1v9243598106za200zd9243598106&_p=1788233386264&gcd=13l3l3l3l1l1&npa=0&dma=0&gdid=dZWRiYj&_eu=AAAAAAQ&are=1&cid=1809352281.1788233124&frm=0&ngs=1&pscdl=noapi&rcb=19&sr=1280x720&uaa=x86&uab=64&uafvl=Not%253AA-Brand%3B99.0.0.0%7CHeadlessChrome%3B145.0.7632.6%7CChromium%3B145.0.7632.6&uam=&uamb=0&uap=Windows&uapv=19.0.0&uaw=0&ul=es-mx&_s=2&tag_exp=115616985~115938466~115938469~118897920~118897930~120213116~120385422&sid=1788233123&sct=1&seg=1&dl=https%3A%2F%2Fsites.google.com%2Ftec.mx%2Femprendimiento-tec%2FEBC&dt=Experiencias%20de%20Emprendimiento%20-%20Explora%20BaseCamp&en=user_engagement&_et=16140&tfd=16984 → pending (?ms, ?B)
[2026-09-01T03:30:02.741Z] POST https://www.google.com/g/collect?v=2&tid=G-XRQ92MLXDH&gtm=45je68s1v9243598106za200zd9243598106&_p=1788233386264&gcd=13l3l3l3l1l1&npa=0&dma=0&gdid=dZWRiYj&_eu=AAAAAAQ&are=1&cid=1809352281.1788233124&frm=0&ngs=1&pscdl=noapi&rcb=19&sr=1280x720&uaa=x86&uab=64&uafvl=Not%253AA-Brand%3B99.0.0.0%7CHeadlessChrome%3B145.0.7632.6%7CChromium%3B145.0.7632.6&uam=&uamb=0&uap=Windows&uapv=19.0.0&uaw=0&ul=es-mx&_s=2&tag_exp=115616985~115938466~115938469~118897920~118897930~120213116~120385422&sid=1788233123&sct=1&seg=1&dl=https%3A%2F%2Fsites.google.com%2Ftec.mx%2Femprendimiento-tec%2FEBC&dt=Experiencias%20de%20Emprendimiento%20-%20Explora%20BaseCamp&en=user_engagement&_et=16140&tfd=16984&gaf=1 → pending (?ms, ?B)
[2026-09-01T03:30:02.753Z] GET https://fonts.googleapis.com/css?family=Google+Sans:400,500|Roboto:300,400,500,700|Source+Code+Pro:400,700&display=swap → 200 (1ms, -743B)
[2026-09-01T03:30:02.755Z] GET https://fonts.googleapis.com/css?family=Kumbh%20Sans%3Ai%2Cbi%2C700%2C400&display=swap → 200 (4ms, -743B)
[2026-09-01T03:30:02.762Z] GET https://fonts.googleapis.com/css?family=Poppins%3Ai%2Cbi%2C700%2C500%2C900%2C600%2C400&display=swap → 200 (?ms, -743B)
[2026-09-01T03:30:02.764Z] GET https://www.gstatic.com/_/atari/_/ss/k=atari.vw.aSyuBU2ZkRc.L.W.O/am=IAACDAAE/d=1/rs=AGEqA5nynIqRTnfpmbAdLcnbMGD_o1xU2w → 200 (?ms, -732B)
[2026-09-01T03:30:02.771Z] GET https://apis.google.com/js/client.js?onload=gapiLoaded → 200 (?ms, -839B)
[2026-09-01T03:30:02.771Z] GET https://apis.google.com/_/scs/abc-static/_/js/k=gapi.lb.en.zhTT8Br0Ho8.O/m=client/rt=j/sv=1/d=1/ed=1/rs=AHpOoo-7LeULGjNQZRvhdu3G71akb6JY6A/cb=gapi.loaded_0?le=scs → 200 (1ms, -919B)
[2026-09-01T03:30:02.838Z] GET https://www.googletagmanager.com/gtag/js?id=G-XRQ92MLXDH → 200 (1ms, -586B)
[2026-09-01T03:30:02.840Z] GET https://lh3.googleusercontent.com/sitesv/AG8ngQVNuEup4Ogkp9sy2sEIVzFNtL3j02V9sh5KN4k8cCKNqbqebGbX-7CkKEq-T_UYlwmVNtPlKu2HKlJfYoY1iHfbu_QjsaTe3efTptZPkxV0HIUOzmaLk0xY1s1uTwpy-u2XfGaBgm0-c3DHSTxJUinKtR2dIgB5qYPwA2Ougx12Tv-ODcnOn_pe-mKmbT0=w16383 → pending (?ms, ?B)
[2026-09-01T03:30:02.846Z] GET https://fonts.gstatic.com/s/googlesans/v70/4UasrENHsxJlGDuGo1OIlJfC6l_24rlCK1Yo_Iqcsih3SAyH6cAwhX9RPjIUvQ.woff2 → 200 (1ms, -815B)
[2026-09-01T03:30:02.847Z] GET https://fonts.gstatic.com/s/roboto/v51/KFO7CnqEu92Fr1ME7kSn66aGLdTylUAMa3yUBA.woff2 → 200 (?ms, -813B)
[2026-09-01T03:30:02.848Z] GET https://fonts.gstatic.com/s/kumbhsans/v27/c4mw1n92AsfhuCq6tVsaoIx1LQICk0boNoq0ShNPVo0.woff2 → 200 (5ms, -814B)
[2026-09-01T03:30:02.854Z] GET https://fonts.gstatic.com/s/poppins/v24/pxiGyp8kv8JHgFVrJJLucHtA.woff2 → 200 (?ms, -814B)
[2026-09-01T03:30:02.854Z] GET https://fonts.gstatic.com/s/poppins/v24/pxiDyp8kv8JHgFVrJJLmy15VF9eO.woff2 → 200 (?ms, -813B)
[2026-09-01T03:30:02.855Z] GET https://fonts.gstatic.com/s/poppins/v24/pxiEyp8kv8JHgFVrJJfecg.woff2 → 200 (?ms, -814B)
[2026-09-01T03:30:02.856Z] GET https://fonts.gstatic.com/s/poppins/v24/pxiByp8kv8JHgFVrLGT9Z1xlFQ.woff2 → 200 (?ms, -813B)
[2026-09-01T03:30:02.856Z] GET https://fonts.gstatic.com/s/poppins/v24/pxiByp8kv8JHgFVrLCz7Z1xlFQ.woff2 → 200 (?ms, -813B)
[2026-09-01T03:30:02.857Z] GET https://fonts.gstatic.com/s/poppins/v24/pxiByp8kv8JHgFVrLBT5Z1xlFQ.woff2 → 200 (?ms, -814B)
[2026-09-01T03:30:02.867Z] GET https://lh3.googleusercontent.com/sitesv/AG8ngQVcUKTbDtcnBxsBY_FO2tdAfUr7dQdJHNlEaVriU3FT1c5KGy5aX8QqBab5sXScg9yOenvxOeDvqFlRzWAAXZGfTKnOMYu7fyDdH-Xc9neD1dbfoJPIlXxiZvUQxgTWLbAkLsWAw_Aa-nsPxVZ1MecRTUnvL1hwhvxowXWPyEAvc8h3sJ8nbPmnVEaQ3BqnyUE7SuuvbuZoPcyRKY8W9mb7edxXPtITD1rh2clf=w1280 → 200 (?ms, -500B)
[2026-09-01T03:30:02.868Z] GET https://lh3.googleusercontent.com/sitesv/AG8ngQVyIVxJGVkU_j4bZp4wI0M5Xh5PzAdYeGe4C_YWJO8vAWTGLqWSU-VkFsa7NcXItP0KXfYy7-rcIFCWvrm3204SEg9H1oKPuiM1_xOD_i3-vfg3AF7kK376pAuzM7tyRDu0M-v6J41-7Kcx-GMOxVlO3FwNwiA1pgU-rXirTOZ_kz9VJ160B-pyKxdXbwS_fezeunotL6vM4GVaxw89C0PWhDEfJ13q8s7ChKTAsHA=w1280 → 200 (?ms, -500B)
[2026-09-01T03:30:02.869Z] GET https://lh3.googleusercontent.com/sitesv/AG8ngQXKz3mJ36ABUv9D-xr9wbbXJbyCX05p26okQhyfw_2yrR0zjQcs4oviduQHUQDoXDN7dgngM6-hySsCRnAtBcU4OsEkH46rx1blqipQF_DOOIwXvNSDVb6V0fZQTBwj8H0XZSowAtIptvN6oNjqobvfeMD2srAOP7VgS9AqZIqelf84LvUiU0C5CyqbRhzgiNPhPn2EH213vlDhyO_YeC6h-6700uWDn7maPrhblEI=w1280 → pending (?ms, ?B)
[2026-09-01T03:30:02.869Z] GET https://lh3.googleusercontent.com/sitesv/AG8ngQVw26w2Ci9nT1XCqtTXg3M2cfdKKJv4HWE0V7nSFwbEnAzstZke78kKapS7Aing3IQ-x1HRiXwXJpTGDC4j0uJqdHpZuSA2cCb_4X2DfpAC14-Od-efiyE63N0LyqgG2DPyUMQJsTSbGKqSA7Jnb_PnoA6cBmFy5HEoRCxInAwd7VVkfCruOFc_Qljek_bzIDc6xn_aSS68WyMQESj20Mz2XT8zkubaS_bDh7BB=w1280 → pending (?ms, ?B)
[2026-09-01T03:30:02.869Z] GET https://lh3.googleusercontent.com/sitesv/AG8ngQUanUJ8cv2psiQechMHiZCpDFWJvEOGsVvpiSH-B50NThmTkUdIHouldTIh9V2kjdq-Hdi5rhYfuFIfp1OEjW1H6NIVLTrthuS7ez6T8u-5So8BU3srktjzh1JD6u1Yv_InO1YX6YOPhegu29cluyAuu2zmWl1creP2KTkcROkyeKhjdIL8kP2Wcvbf7nvKXMDpYyb2Qi5mWLkT0Xv91Rvb7ZyP146cYcnd87k8guQ=w1280 → pending (?ms, ?B)
[2026-09-01T03:30:02.869Z] GET https://lh3.googleusercontent.com/sitesv/AG8ngQX2Gkt4UMbqCTc3Znfa_j0DTYyuJ6PA1QR95IMsxySVx6ntlE3dwYHGTbECsdc5s39BCyaAWoWtyPmpuNMC8ud756IlZXaaWnEaBqUDYIytQLphfBV00845XhWAaSH6839gaNpHtsVFWL1N2LGMrme7pCI30Fsh08fT5vKjYfjJGzTBe8V4-SlGTOlnt3ujaKgyaytOAl1zyOhJ6SQPJrSMeR-qeaR7BAAvwoE0_JM=w1280 → pending (?ms, ?B)
[2026-09-01T03:30:02.869Z] GET https://lh3.googleusercontent.com/sitesv/AG8ngQXs5ltiMx_nGFGmLmo3M4-lXzY5a7Zw0TgTkdFw_9ynXr9DRdF_rim-KkSNtGwaO6Q0CcOgY-uZtBLa7svYngHj0I9rTbOEouMOitBuC2-cVHnYmAtZkxT2xzlR4_a1MdpVSLyW8elB64OUdunk_HywJ4SdTJItKJ08BAYIk7Ujkw6QZoP8V9aHxhpEws8yLRLl35V6yUc-ucd7CUcF8FbNj7IJdxWl_Os49RVSMZw=w1280 → pending (?ms, ?B)
[2026-09-01T03:30:02.869Z] GET https://lh3.googleusercontent.com/sitesv/AG8ngQUDiqUMZDsuJNeHHgiv5jdMLC2vJGYxzDV_78sFFVY2GpOB7mdqqS_TyuN08Zy2KZSRZLDmcAmMjDDxZHqJsLpRTdQjy23K1fJgMadIBd7HWuM6U-kfTNS_e2MnjsBtZKyJrPHk4EzAA4mu2UQaUJ9_DpNnDF3a-BUUJkLpBLh23tVVGOBzLW0FBMYoNvvbuQvg6OFKpzA30PTRcIwQDl102y2kliEMDoPQUxOKtJA=w1280 → pending (?ms, ?B)
[2026-09-01T03:30:02.869Z] GET https://lh3.googleusercontent.com/sitesv/AG8ngQXZaqDJqVFB2rgOVMJtAbBMWGwbQJDw7pPFs4zcS-S4u1vruM6mgsKWMvAdf7vBm4hSWWw37QzJ8vxx8c4TEspl1aYPzaTgp42G6Bp1buY9jKoEmLk7fllVY4En3sPAsrNU17zjSDKxQxBz3uBmR3vV8nbqhCJqtbB5a6yZvwpcmoVwKMKDLGRh9eqnbjTzOESSYWggpSI2XOmJ4i3ReumUzgbqkJMRGlMMTEHqoKo=w1280 → pending (?ms, ?B)
[2026-09-01T03:30:02.869Z] GET https://lh3.googleusercontent.com/sitesv/AG8ngQVJ_A3hQLW11WlDYuf48RedspGD7LJVC4Fyuyt8HNHEVflQqhIl_bf1FOqxMqZkc9ooUlEO1KVBjFETDq1UvMjWsHzkrHp1epX4w9ElLVaqVNbG1qSGhSLcJq6frQYhDEkYrMJ8b5J1BKvTImpvg8wup1GUFphiCs4XP61tHrB9aPyPQp5XYbSSVMImhMcdwELiwhix2BTot75zcS4sOBpbjksXItMNa1Jxb0tkphU=w1280 → pending (?ms, ?B)
[2026-09-01T03:30:02.869Z] GET https://lh3.googleusercontent.com/sitesv/AG8ngQWP6Vhv-CJLN4N14V8rGul0ppkuu9W_bncU6C7V7qT8XZLCaRBm4K2mYPSMFqaDoVBrBtTsPWxkUoFBbkz10fCxyupGQG2Mdo62AunfgmXIbDQKVqUJFNijRFBXdhgSP7HfADPxgERGWnlWf_LS-NexzyKSx2vu01LTQvzFfLtup7TAqidMOYQbDRkJ4T7EnBGs6mcDXGlpIhX_3ulien1OZWzd844rfTnZq1vG2Xk=w1280 → pending (?ms, ?B)
[2026-09-01T03:30:02.870Z] GET https://lh3.googleusercontent.com/sitesv/AG8ngQXYec3mYHlVTSCZ41vC4g4eWiTHEwzp7eTbhIQxSYCCCFRaAmBoxT66rJsNU0WrZ_hmht-UeZbjj9zBYYDZOHoEqU1mq9GGquELaZK4dHLiNUPIPinBMaFd5utk32HvgbCjDZSFaF5wgelDxejysMijY6hunvdWDl3ghMKAxOotbXkeNMFrcc30vAvv91m-xQtgyrkDq8js6zCo1ihsm1aXo4S7JL7ryNM-R0Hj_k8=w1280 → pending (?ms, ?B)
[2026-09-01T03:30:02.870Z] GET https://lh3.googleusercontent.com/sitesv/AG8ngQVPH1NPHXpgyldEa7mPTPvOhTqZelU1_hN4ms56jpr8BnmKB27raEAc_Q__emiLYoAzCuCqHj3SwE7QtB_7NSMTks1l86UN4QUxUSGMWS023xkSM-dL3sqtGGcu6v8WOavzYafUtsDFeaE8ZJT-2BIUpe2Oa9huoaFyrpsIn5FHfWfekqPqTDMs1CFZxBPFghGTWRJck1S4Y7oxf79tjGd4tD9heJQiyx_3TE3E7H8=w1280 → pending (?ms, ?B)
[2026-09-01T03:30:02.942Z] GET https://www.gstatic.com/_/atari/_/js/k=atari.vw.en_US.l4VLTz75WC0.O/am=IAACDAAE/d=1/rs=AGEqA5nkRSfxbPdnl2LhmdAy2jUfgO7YdA/m=view → 200 (?ms, -739B)
[2026-09-01T03:30:02.946Z] GET https://lh3.googleusercontent.com/sitesv/AG8ngQVdr3RRjYgiRbVqHcrcXEs0rFmVIa1W5yzbNd_Fxo5j0takaIFYuX3220NiX_6yWO2WQQKlNkfrv4lf6T9CWUNJVsxApLHZVgeNDtcFB4VODQfp-2uYdk_HhOWEU6gw2X-7X4VHCx6THA41NGnGsVcXx79TJuvzExph_CMfxSE4ejD3bGQt0_Nw0mXx6jA=w16383 → pending (?ms, ?B)
[2026-09-01T03:30:02.946Z] GET https://lh3.googleusercontent.com/sitesv/AG8ngQUxebWi5YP0M-4fbfn4OrGDy2GbcmJgTtixaFTWxaquT4O3HG3XSKQWVE9JnniPPvy42bwROyRsi-0k2y0bB6gWu5kchWxjPidS4fYkZ0EBTrwjhHqP5FM-SptWfvIT1DE_He03qXQi0hWGAPUOGzQUsDOh0xyyhK4uat4tb9zJaH8E9cRmj7mpyI3xBCk=w16383 → 200 (?ms, -501B)
[2026-09-01T03:30:02.948Z] GET https://lh3.googleusercontent.com/sitesv/AG8ngQX9L7HyB0MhA5-Fo-1pgenh4BqGcW6lcCHoIK2W8seJLSFDrE7X6Ztpmodl-5AHawyNwsvTlGHc4KEQ6T4PBgxKMjk6ssnfxDrYzqnpvLOf4xeJPuJhbfDlbJlDxmQax36vqUuli7rUoXiQHuOILpYlpqizuQiDg97OIhv5AxjuxlJhA-mK3g-woH8_8a4=w16383 → pending (?ms, ?B)
[2026-09-01T03:30:02.948Z] GET https://lh3.googleusercontent.com/sitesv/AG8ngQVAR3sS2IjHpwf0tFi0-Fu1nnQEKOddPPTt0qwCBBQegZWIhws5D0SGA2GTVGwoWFJoRgaEDOvRMhW9l9a6ZBqbXNiywvkWP0hjWtvtpiokcfZgvRpP1hN5rNnvVOSgcEW7kAt2vMCYubMnjF51n-I1eP5CK_TEKk-fina4k2yHfG8lG1yTlBml9KSjUDE=w16383 → pending (?ms, ?B)
[2026-09-01T03:30:02.948Z] GET https://lh3.googleusercontent.com/sitesv/AG8ngQUX1XuFKX5t9MdPiPKTta48A5RUgvgEKJSffLoOUpI7So5_iK0BjqfGdAg3jwq5M-2S1q-T2n-nA6GsEBo5Uz6DyHq2XMTyWpyzv8SFCesTnF_JCXz5yFbvuui_TR2lyh6KaEhpt1hH1GCquJSM-ftAOOMuuDMo-xluvwTUhv_YgA8J1T13KxksN-qU=w16383 → pending (?ms, ?B)
[2026-09-01T03:30:02.948Z] GET https://www.gstatic.com/_/atari/_/js/k=atari.vw.en_US.l4VLTz75WC0.O/am=IAACDAAE/d=0/rs=AGEqA5nkRSfxbPdnl2LhmdAy2jUfgO7YdA/m=sy4b,sy4c,sy4a,FoQBg → 200 (?ms, -738B)
[2026-09-01T03:30:02.949Z] GET https://www.gstatic.com/_/atari/_/js/k=atari.vw.en_US.l4VLTz75WC0.O/am=IAACDAAE/d=0/rs=AGEqA5nkRSfxbPdnl2LhmdAy2jUfgO7YdA/m=sy76,TRvtze → 200 (?ms, -736B)
[2026-09-01T03:30:02.966Z] GET https://www.gstatic.com/_/atari/_/js/k=atari.vw.en_US.l4VLTz75WC0.O/am=IAACDAAE/d=0/rs=AGEqA5nkRSfxbPdnl2LhmdAy2jUfgO7YdA/m=LLHPdb,sy2y,ws9Tlc,cEt90b,sy87,KUM7Z,MpJwZc,n73qwf,A4UTCb,sy2x,L1AAkb,aW3pY,RyvaUb,sy2t,sy39,owcnme,sy3a,sy3b,O6y8ed,mzzZzc,CHCSlb,qAKInc,sy3n,YXyON,sy3s,sy3r,iTeaXe,sy78,abQiW,sy14,sy13,sy12,syx,syw,sy3c,pxq3x,sy3d,syq,sy3e,sy3x,syy,sy29,sy3f,sy4q,sy77,EGNJFf,V3dDOb,sy2w,ENNBBf,syh,syj,syf,syg,syd,syp,syc,sy3i,yf2Bs,sy1i,sy1p,sy1e,sy1c,sy1f,sy1n,sy1k,sy1o,sy1h,sy1d,sy1j,sy1l,sy1m,sy1g,syt,sy37,fmklff,TGYpv,XVMNvd,sy84,yxTchf,sy85,sy86,xQtZb,iSvg6e,N5Lqpc,sy3v,sy3w,sy3t,sy3u,sy3q,sy3y,sy3z,pc62j,qEW1W,oNFsLb,syk,syn,syo,sy3j,sy3k,iwfZq,m9oV,sy30,RAnnUd,i5dxUd,sy2z,sy31,sy32,sy33,sy2e,etBPYb,i5H9N,SU9Rsf,sy34,sy35,sy36,sy2c,sy2f,PHUIyb,qNG0Fc,syu,syv,syz,qTnoBf,NJ1rfe,ywOR5c,sy38,sye,wg1P6b,EcW08c,sy3g,sy3h,t8tqF,qddgKe,sy7a,SM1lmd,eEDsnd,sy10,sy11,sys,RRzQxe,sya,sy9,sy17,sy21,yyxWAc,sy0,sy1,sy7,sy2d,sy6,sy2b,sy2g,sy2a,sy28,sy2h,sy2i,sy1t,sy5k,syr,sy19,sy20,sy72,syb,sy4j,sy6v,sy18,fNFZH,sy79,sy3p,sy4p,sy2j,i16Xfc,sy4d,zJMuOc,RrXLpc,sy43,sy45,sy47,sy4e,sy4f,sy4g,tCGzVe,Ej8J2c,odWSx,cgRV2c,sy1z,sy3o,sy57,o1L5Wb,X4BaPc,vVEdxc,sy4,sy5,sy3l,sy4i,RQOkef,sy25,sy24,sy26,sy8,sy16,sy1v,sy1w,sy23,gaMBzf,sy6w,sy27,fVuHhf,sy70,j1RDQb,sy4l,sy4t,sy4s,sy4n,sy4k,sy4o,syi,sy1s,sy46,sy4h,sy4m,sy4r,sy4u,Md9ENb → 200 (?ms, -739B)
[2026-09-01T03:30:02.988Z] POST https://sites.google.com/_/view/naLogImpressions?authuser=0 → 200 (163ms, 67B)
[2026-09-01T03:30:03.040Z] GET https://www.gstatic.com/feedback/js/help/prod/service/lazy.min.js → 200 (1ms, -886B)
[2026-09-01T03:30:03.042Z] GET https://www.gstatic.com/_/atari/_/js/k=atari.vw.en_US.l4VLTz75WC0.O/am=IAACDAAE/d=0/rs=AGEqA5nkRSfxbPdnl2LhmdAy2jUfgO7YdA/m=IZT63,YYmHzb,vfuNJf,sy7r,sy7w,sy7y,sy8a,sy88,sy89,siKnQd,sy7q,sy7x,sy7z,YNjGDd,sy80,PrPYRd,iFQyKf,hc6Ubd,sy8b,SpsfSb,sy7t,sy7v,wR5FRb,pXdRYb,dIoSBb,zbML3c → 200 (1ms, -738B)
[2026-09-01T03:30:03.044Z] GET https://www.gstatic.com/_/atari/_/js/k=atari.vw.en_US.l4VLTz75WC0.O/am=IAACDAAE/d=0/rs=AGEqA5nkRSfxbPdnl2LhmdAy2jUfgO7YdA/m=sy42,sy44,fuVYe,sy48,sy49,CG0Qwb → 200 (?ms, -738B)
[2026-09-01T03:30:03.046Z] GET https://www.gstatic.com/_/atari/_/js/k=atari.vw.en_US.l4VLTz75WC0.O/am=IAACDAAE/d=0/rs=AGEqA5nkRSfxbPdnl2LhmdAy2jUfgO7YdA/m=sy1q,sy1y,Ae65rd,rCcCxc,sy73,gJzDyc,uu7UOe,sy7b,soHxf,CuaHnc,sy7c,uY3Nvd,mxS5xe,sy6q,HYv29e → 200 (1ms, -738B)
[2026-09-01T03:30:03.050Z] POST https://play.google.com/log?format=json&hasfast=true&authuser=0 → 200 (398ms, 151B)
[2026-09-01T03:30:05.991Z] POST https://sites.google.com/_/view/naLogImpressions?authuser=0 → 200 (99ms, 67B)
[2026-09-01T03:30:05.992Z] POST https://play.google.com/log?format=json&hasfast=true&authuser=0 → 200 (335ms, 151B)
[2026-09-01T03:30:08.155Z] POST https://www.google-analytics.com/g/collect?v=2&tid=G-XRQ92MLXDH&gtm=45je68s1v9243598106za200zd9243598106&_p=1788233402836&gcd=13l3l3l3l1l1&npa=0&dma=0&gdid=dZWRiYj&_eu=AAAAAAQ&are=1&cid=1809352281.1788233124&frm=0&ngs=1&pscdl=noapi&rcb=16&sr=1280x720&uaa=x86&uab=64&uafvl=Not%253AA-Brand%3B99.0.0.0%7CHeadlessChrome%3B145.0.7632.6%7CChromium%3B145.0.7632.6&uam=&uamb=0&uap=Windows&uapv=19.0.0&uaw=0&ul=es-mx&_s=1&tag_exp=115616986~115938465~115938468~118897920~118897930~120213116~120385422&sid=1788233123&sct=1&seg=1&dl=https%3A%2F%2Fsites.google.com%2Ftec.mx%2Femprendimiento-tec%2Ffounder-mode-basecamp&dt=Experiencias%20de%20Emprendimiento%20-%20Founder%20Mode%20Basecamp&en=page_view&_ee=1&tfd=5638 → 204 (74ms, ?B)
[2026-09-01T03:30:16.240Z] GET https://sites.google.com/tec.mx/emprendimiento-tec/labs → 200 (179ms, 43904B)
[2026-09-01T03:30:16.450Z] POST https://play.google.com/log?hasfast=true&authuser=0&format=json → pending (?ms, ?B)
[2026-09-01T03:30:16.450Z] POST https://www.google-analytics.com/g/collect?v=2&tid=G-XRQ92MLXDH&gtm=45je68s1v9243598106za200zd9243598106&_p=1788233402836&gcd=13l3l3l3l1l1&npa=0&dma=0&gdid=dZWRiYj&_eu=AAAAAAQ&are=1&cid=1809352281.1788233124&frm=0&ngs=1&pscdl=noapi&rcb=16&sr=1280x720&uaa=x86&uab=64&uafvl=Not%253AA-Brand%3B99.0.0.0%7CHeadlessChrome%3B145.0.7632.6%7CChromium%3B145.0.7632.6&uam=&uamb=0&uap=Windows&uapv=19.0.0&uaw=0&ul=es-mx&_s=2&tag_exp=115616986~115938465~115938468~118897920~118897930~120213116~120385422&sid=1788233123&sct=1&seg=1&dl=https%3A%2F%2Fsites.google.com%2Ftec.mx%2Femprendimiento-tec%2Ffounder-mode-basecamp&dt=Experiencias%20de%20Emprendimiento%20-%20Founder%20Mode%20Basecamp&en=user_engagement&_et=13290&tfd=13928 → pending (?ms, ?B)
[2026-09-01T03:30:16.450Z] POST https://www.google.com/g/collect?v=2&tid=G-XRQ92MLXDH&gtm=45je68s1v9243598106za200zd9243598106&_p=1788233402836&gcd=13l3l3l3l1l1&npa=0&dma=0&gdid=dZWRiYj&_eu=AAAAAAQ&are=1&cid=1809352281.1788233124&frm=0&ngs=1&pscdl=noapi&rcb=16&sr=1280x720&uaa=x86&uab=64&uafvl=Not%253AA-Brand%3B99.0.0.0%7CHeadlessChrome%3B145.0.7632.6%7CChromium%3B145.0.7632.6&uam=&uamb=0&uap=Windows&uapv=19.0.0&uaw=0&ul=es-mx&_s=2&tag_exp=115616986~115938465~115938468~118897920~118897930~120213116~120385422&sid=1788233123&sct=1&seg=1&dl=https%3A%2F%2Fsites.google.com%2Ftec.mx%2Femprendimiento-tec%2Ffounder-mode-basecamp&dt=Experiencias%20de%20Emprendimiento%20-%20Founder%20Mode%20Basecamp&en=user_engagement&_et=13290&tfd=13928&gaf=1 → pending (?ms, ?B)
[2026-09-01T03:30:16.462Z] GET https://fonts.googleapis.com/css?family=Google+Sans:400,500|Roboto:300,400,500,700|Source+Code+Pro:400,700&display=swap → 200 (?ms, -743B)
[2026-09-01T03:30:16.467Z] GET https://fonts.googleapis.com/css?family=Kumbh%20Sans%3Ai%2Cbi%2C700%2C400&display=swap → 200 (?ms, -743B)
[2026-09-01T03:30:16.468Z] GET https://fonts.googleapis.com/css?family=Poppins%3Ai%2Cbi%2C700%2C500%2C600%2C400&display=swap → 200 (?ms, -743B)
[2026-09-01T03:30:16.469Z] GET https://www.gstatic.com/_/atari/_/ss/k=atari.vw.aSyuBU2ZkRc.L.W.O/am=IAACDAAE/d=1/rs=AGEqA5nynIqRTnfpmbAdLcnbMGD_o1xU2w → 200 (?ms, -732B)
[2026-09-01T03:30:16.470Z] GET https://apis.google.com/js/client.js?onload=gapiLoaded → 200 (?ms, -839B)
[2026-09-01T03:30:16.471Z] GET https://www.googletagmanager.com/gtag/js?id=G-XRQ92MLXDH → 200 (?ms, -586B)
[2026-09-01T03:30:16.492Z] POST https://csp.withgoogle.com/csp/proto/6b8ce7c01e3dacd3d2c7a8cd322ff979 → pending (?ms, ?B)
[2026-09-01T03:30:16.492Z] GET https://apis.google.com/_/scs/abc-static/_/js/k=gapi.lb.en.zhTT8Br0Ho8.O/m=client/rt=j/sv=1/d=1/ed=1/rs=AHpOoo-7LeULGjNQZRvhdu3G71akb6JY6A/cb=gapi.loaded_0?le=scs → 200 (1ms, -919B)
[2026-09-01T03:30:16.494Z] GET https://lh3.googleusercontent.com/sitesv/AG8ngQWwl19bWZ_fpUGcKg-HrlX3Ksw3jk0H5o3ZJgTaRp0U4H1ANeh6QCxRutEFV7m0SRSyGuZz6Udl85frZ9F4nZkGRx_rdhX2VWO-dre1r5j4wjCi_WyaHSgmNuxKqfk2X6JZBwxBg2kdMmh7PcwPD-JUhij69dxJrFwmbAcMwP0aeaudB_HpoqvDEBtGBGw=w16383 → pending (?ms, ?B)
[2026-09-01T03:30:16.503Z] GET https://fonts.gstatic.com/s/googlesans/v70/4UasrENHsxJlGDuGo1OIlJfC6l_24rlCK1Yo_Iqcsih3SAyH6cAwhX9RPjIUvQ.woff2 → 200 (?ms, ?B)
[2026-09-01T03:30:16.503Z] GET https://fonts.gstatic.com/s/roboto/v51/KFO7CnqEu92Fr1ME7kSn66aGLdTylUAMa3yUBA.woff2 → 200 (1ms, ?B)
[2026-09-01T03:30:16.504Z] GET https://fonts.gstatic.com/s/kumbhsans/v27/c4mw1n92AsfhuCq6tVsaoIx1LQICk0boNoq0ShNPVo0.woff2 → 200 (?ms, ?B)
[2026-09-01T03:30:16.508Z] GET https://fonts.gstatic.com/s/poppins/v24/pxiGyp8kv8JHgFVrJJLucHtA.woff2 → 200 (?ms, ?B)
[2026-09-01T03:30:16.509Z] GET https://fonts.gstatic.com/s/poppins/v24/pxiDyp8kv8JHgFVrJJLmy15VF9eO.woff2 → 200 (?ms, ?B)
[2026-09-01T03:30:16.509Z] GET https://fonts.gstatic.com/s/poppins/v24/pxiEyp8kv8JHgFVrJJfecg.woff2 → 200 (1ms, ?B)
[2026-09-01T03:30:16.510Z] GET https://fonts.gstatic.com/s/poppins/v24/pxiByp8kv8JHgFVrLGT9Z1xlFQ.woff2 → 200 (?ms, ?B)
[2026-09-01T03:30:16.511Z] GET https://fonts.gstatic.com/s/poppins/v24/pxiByp8kv8JHgFVrLCz7Z1xlFQ.woff2 → 200 (?ms, ?B)
[2026-09-01T03:30:16.608Z] GET https://lh3.googleusercontent.com/sitesv/AG8ngQVcUKTbDtcnBxsBY_FO2tdAfUr7dQdJHNlEaVriU3FT1c5KGy5aX8QqBab5sXScg9yOenvxOeDvqFlRzWAAXZGfTKnOMYu7fyDdH-Xc9neD1dbfoJPIlXxiZvUQxgTWLbAkLsWAw_Aa-nsPxVZ1MecRTUnvL1hwhvxowXWPyEAvc8h3sJ8nbPmnVEaQ3BqnyUE7SuuvbuZoPcyRKY8W9mb7edxXPtITD1rh2clf=w1280 → 200 (1ms, -500B)
[2026-09-01T03:30:16.609Z] GET https://lh3.googleusercontent.com/sitesv/AG8ngQVyIVxJGVkU_j4bZp4wI0M5Xh5PzAdYeGe4C_YWJO8vAWTGLqWSU-VkFsa7NcXItP0KXfYy7-rcIFCWvrm3204SEg9H1oKPuiM1_xOD_i3-vfg3AF7kK376pAuzM7tyRDu0M-v6J41-7Kcx-GMOxVlO3FwNwiA1pgU-rXirTOZ_kz9VJ160B-pyKxdXbwS_fezeunotL6vM4GVaxw89C0PWhDEfJ13q8s7ChKTAsHA=w1280 → 200 (6ms, -500B)
[2026-09-01T03:30:16.617Z] GET https://lh3.googleusercontent.com/sitesv/AG8ngQVYwfLzdkyTIou6Hlo3jVrjwIehYYD___Gz5OX0Mrrr4jxiEKIh2FjAQO3Q80vB3HGNqTg7ZTRMzO3cs0Qfgc07JbG6B2sxAm5hW5tQiab1S7PAGSLxTG2N4SwxJmp46G1gZUZVRsT0o0P4aHm2gQaOVtgUMQBBLCrXmZTonFjXwKkkk1kKLLi27LEswba0P48xtAi2M2jEEtBgOdBscmGQqGJZvKx38k2_d36PxrE=w1280 → 200 (94ms, 10611B)
[2026-09-01T03:30:16.617Z] GET https://lh3.googleusercontent.com/sitesv/AG8ngQVQgE-LoNQaQ_TPyCkiJKLT1BmmbULy5grEcd4ohNuDBUb8lOwv5JbY2HPJG0QMLGdXOOvtSdCFRjQeByNt8cvlHto5oUsNPGpbDZCHCvxm4j8Wj-zFiDpL-c1m9QlYb4nI5oDcd3JxvubcZ1xCSWZRgZX2tF66cQdIGcPVL8Jq-bjovZ5OL76CiLn7I3yolc-ciHdK4W0cODewrbrVfpeB2_GZzv-2va3KoKFE=w1280 → 200 (193ms, 46257B)
[2026-09-01T03:30:16.617Z] GET https://lh3.googleusercontent.com/sitesv/AG8ngQWaplqqhEW5xBz1b8Mkb3kpeHG0STiSKvp7qo0bPEkPa5IWItnTrE8F3XlZ3_X6dtzSpQAbF3nBYgn3iP9eG2EGbV5-MfAD-E9gBcL5STQlxkLtY4qpTfFCkYDs2ofTQr_hPH9okx4JPyF3NabV6u7vSyJJMxNk8I4pKwt5X2gFjasIvF-DhTzzIhBJfATK1d4AbEJo11gr8iKtsniuFeag_tI7CWyPEu8FN_l4=w1280 → 200 (203ms, ?B)
[2026-09-01T03:30:16.617Z] GET https://lh3.googleusercontent.com/sitesv/AG8ngQWATV8FhaH3Z8EmKsHk0nM2ygtrs7CppJEEq6jxNT9pfgu381zqUFS00WQqC2xzai_AeIJJeF2npQpF4y7R2DRgzQFyrfVB4c0hPzLpbPwcufcAnoXsQJEyMe2a8d_mzdeaQgOsFUSNhEx7UCrPLqTjJDo4Aqgvcyk0cj0PXh5O4WBx7m4HaFl10OZfFnu73DKFACqEPeyVrplG0Wx9dzQvi-E4o1VTZLAiKfJOYcw=w1280 → 200 (253ms, 37720B)
[2026-09-01T03:30:16.617Z] GET https://lh3.googleusercontent.com/sitesv/AG8ngQXCDXL1yL3WPTk3lrut1-TpcEeK1JYOlqa73iU7vDXudVnv3c_qqKYGSvZ0G2DsrbHAk9NOc32w9fvvJ9vVF4-DEZWX_ZcoYD3KD6WjJ3ddCOaPMU7_MS-a8MqQuecruEpBRjyxLdaJgIgr1X0g0K_n_aiH_5VxT0SiGvgILGcVFcAEpUyjiYvBdbvYdXKV0TypwtrZb6iezrxRNgtAk_7uWI99IsclH-fd9qJAxBM=w1280 → 200 (105ms, 1378B)
[2026-09-01T03:30:16.617Z] GET https://lh3.googleusercontent.com/sitesv/AG8ngQW_pjw_jiPxSbyPd4BTOGdZTIU_zVL8I_F5fzG-_uUU2nNInnn3mtl0mNSI3woKy7s5g-RpZ5EKl76sorHukgYiqLQKPbxAsZPkfusvdvme5T6Cd_Ca9CpRhsmH3PKQxpoXCi7KY_XKQghMKvamZhRUzUbeQd95ShfxEdEcv3kDKaYDnc8j-3QBaHZpIZYhuAgWkaMEYNbI8Zo6zhKFbo_d-vLMbFWp4XoydgclULQ=w1280 → 200 (154ms, 16877B)
[2026-09-01T03:30:16.617Z] GET https://lh3.googleusercontent.com/sitesv/AG8ngQVFo32ZN3sQWgKihDIctOn86Z0Y91MeH956wgoBnbGAXOKfG-9KlBCUNh40bp1RNPOKGcV6rmLpp3_GK6M-o9skFRl4uY_agDkexLRfDnNy7Vhj-fC28FuMeLywMnOvhx7OrKvLb2bcP0jOfyyfk4TBuJ45NrOICoXQb6UNCcUYEiagnpLHXUkJ8PyZU4IcXrtRWl0Ef9piZwtNgSyAMVULoQhYoDP-X-bca3Mrcf0=w1280 → 200 (794ms, ?B)
[2026-09-01T03:30:16.617Z] GET https://lh3.googleusercontent.com/sitesv/AG8ngQXUftqJZWMnOWuhst3zqPKFv2df0Bw--B_NKh1CcXEgBFxb91aZTDscOZjgWO3tHbmiS8SOoeRPx4BQ4VsLaYd21KTue_IUaCIJJg9Lctn6mNkN2GTxj-heZHHRZYZ_FOnr7_1B_Y9nAf9n0RIQwKfWPoFUJepz2KFZWjD6koCMjbb9U6UFx3aD7URm5MiHpS3l-54n1ZZ-UusfHRbgnv_P9RlCyTViyJbHeIy8ygo=w1280 → 200 (744ms, 22728B)
[2026-09-01T03:30:16.618Z] GET https://lh3.googleusercontent.com/sitesv/AG8ngQUP-eCkyohffxAbBndPU_5OUvGEMRvjw5LpB_WMPnoNMO84OH97jHdLoSJVfHGGLIaZQP49Lzf_GcHC-Oq5wo67aQUXSkMmxMrUeBRRAOAk40npw4oLZIkg8NUpgnWAs9LjIMab0twMBHgcbv1rGsCno1WqybFzbAhBF2dOwiKgpKY6HO-UXweKii389W19RvbZMenEIjlPwcxl5VO9Z83D0P4fs0d__SzYdhcIbP8=w1280 → 200 (764ms, 17730B)
[2026-09-01T03:30:16.618Z] GET https://lh3.googleusercontent.com/sitesv/AG8ngQU-p1hkG4gg_NtzlS8b1j1wtCUuCE6wK9oLmgxucEh0ZyDES-516f_Wk724PcqTGfVcetdSlpBZGy_ZJTS1E88BDbwfywM4Y2R2UWkEeLhAmaXkABprJZEv_lEJBqYEv5oYBulfg5EBZx7XyP0WICnOjEbLBovteOvbZKlofk3tMmqOZLUmw8LbUgV5cb3Ux5NpIiDY3eAPYFbeKhuI8ERgwnYGVLz8S4leSuKHJ9c=w1280 → 200 (697ms, 10859B)
[2026-09-01T03:30:16.618Z] GET https://lh3.googleusercontent.com/sitesv/AG8ngQWIUbWgoWCftx7IwWRN0cxKb6hLPlpF8gtGhoXPT6BYgxGjwozuWcYdub2ge7Dr8nZQH7D4Wp25BD0CVEwTTB-8PstVgdt4AWBipeosjcaPjtPRAi5d8AoezwDHJDUZhB0N-F1SJjd4vO0QObRPK4ygnNb7vIJPUM6_JdX_53WPV5Jm9YzAQxz_LSdRKKNxWEhj-qSrCBqFgwavyvoEw3IfnNsmfX40J9Q-69eRfIo=w1280 → pending (?ms, ?B)
[2026-09-01T03:30:16.618Z] GET https://lh3.googleusercontent.com/sitesv/AG8ngQXEP01f51LGtIfnxZ9kAWwg5MteruBGcUpKnxNvGWJ8ldMj8DJaZZgD2yd1ZHAhGuFSp9IjsFGxhc0xt70thj7Pu_GzcttFGCs53BqM9lwLbAb4U24ozhsv91J5KX6MTkZMIYZPpNWYYXWg6kHKCoK7d7TJQhbWMIChMK6M7diaPSKXEgUr8Pd217kZxHJL_Ij4_mQzL9EZNutUO7gwS2GvLeTO7MHS2dz8jLMiX9g=w1280 → pending (?ms, ?B)
[2026-09-01T03:30:16.618Z] GET https://www.gstatic.com/_/atari/_/js/k=atari.vw.en_US.l4VLTz75WC0.O/am=IAACDAAE/d=1/rs=AGEqA5nkRSfxbPdnl2LhmdAy2jUfgO7YdA/m=view → 200 (?ms, -739B)
[2026-09-01T03:30:16.619Z] GET https://lh3.googleusercontent.com/sitesv/AG8ngQViU4hhy3wi3BCx0XKRw1Q4jvCioOIAuavWKXDxbjSP38FHi5n_HYY6qB50Ip-9oh4E_69SRYlkeGEsCU4QBYOEl7vTbspyqi6hpGJRJOsy_gIy1f2n5VFlQIOXEij_MNTVU32EbuIhg1Fvs9AGrOuheGdlGRJKxGYDK8n3g4qQ7UegQ6MOm3vYwlSRRn4=w16383 → pending (?ms, ?B)
[2026-09-01T03:30:16.619Z] GET https://lh3.googleusercontent.com/sitesv/AG8ngQVr617k2zUpdx0FQlZ7GZ5FXacQUrllfmInGajVjw5DKzflpYbBIcDsa_EoAj9u0I_KFNpmkCJzHiHpxZOeTE1lbzd-P7D_9NTYaUfpc3zv4Gm5aAB9cfIj8b3AXQuPLFs1IDmiGzFPfduL4jOH_bc5XCRJEiH9SBw_pv3LlqCVyy_PaOm6qg6kbN7CmeE=w16383 → pending (?ms, ?B)
[2026-09-01T03:30:16.619Z] GET https://lh3.googleusercontent.com/sitesv/AG8ngQUMWhzd9Rgx6ln8GHbcCJYOiCmrjitraBz5AgSQ8Xv6O4krlBpP6gfTZcxXbaS007U0oyJ3FJW3666O-kMAZ5qeUYTmcjzs6uUVILJ_1Zozo4PKX2Tzs-u7x1EyYD0UuWaVb5SJspu18chOrA6tiYwcha4ssSHotkTHQidby3HE0hc1lLF41ruHfb7Y=w16383 → pending (?ms, ?B)
[2026-09-01T03:30:16.619Z] GET https://lh3.googleusercontent.com/sitesv/AG8ngQViD-4Wy9euhh6dFV0exolWzBynnsQyabncn7r_-ltSnIXSoczE2TF3MELWSo6Zzd4QdoAkpl46v2uyvUc_JLdXP1MRtz6_XwDaDJMTS2xpzMI4FIEbY5A92xBF6EumTLkFjQQr0LIZY0vHue8DBEWi0JxHHrQ4OHrG7BoLnLBnklEBqkhoWRZPYQ-jiq0=w16383 → pending (?ms, ?B)
[2026-09-01T03:30:16.619Z] GET https://lh3.googleusercontent.com/sitesv/AG8ngQWPyZN5O0ZTrHA6_br2NZeqzoZOtk1ZWiluqucm77__Uj5vct3i1m96YuQsNH280CDJx8bWHDYePHIWLU9yoK5KPB_zaatV1WbyjeFcPhrjSPU6xRO2QatKn3-Xu0zSUA_yvEbUYLLuOXx8gF0tJRZe8wB2swk44OlA7-guua9fjIZuEMhwo0rb1xhhd6k=w16383 → pending (?ms, ?B)
[2026-09-01T03:30:16.619Z] GET https://lh3.googleusercontent.com/sitesv/AG8ngQWXd_ZItLclFui0hdJ0z_aLZbSqktNcvhzpsML2I78DB8P-ZG60wWEQrhR6MHE0_c-MATzFCVX7rGA4zC87i_-SvxbIBPJQ3EFO-J2z8P4ZgO0lmz6LuaJB-PNaP_EjKH9Mp5FA1n68l5_JtfqWmnYYdqfv3vGRXhkmfrDMvMm2SKG1fpyUiqM0sJMwx1w=w16383 → pending (?ms, ?B)
[2026-09-01T03:30:16.619Z] GET https://lh3.googleusercontent.com/sitesv/AG8ngQUX1XuFKX5t9MdPiPKTta48A5RUgvgEKJSffLoOUpI7So5_iK0BjqfGdAg3jwq5M-2S1q-T2n-nA6GsEBo5Uz6DyHq2XMTyWpyzv8SFCesTnF_JCXz5yFbvuui_TR2lyh6KaEhpt1hH1GCquJSM-ftAOOMuuDMo-xluvwTUhv_YgA8J1T13KxksN-qU=w16383 → 200 (?ms, -501B)
[2026-09-01T03:30:16.620Z] GET https://www.gstatic.com/_/atari/_/js/k=atari.vw.en_US.l4VLTz75WC0.O/am=IAACDAAE/d=0/rs=AGEqA5nkRSfxbPdnl2LhmdAy2jUfgO7YdA/m=sy4b,sy4c,sy4a,FoQBg → 200 (?ms, -738B)
[2026-09-01T03:30:16.621Z] GET https://www.gstatic.com/_/atari/_/js/k=atari.vw.en_US.l4VLTz75WC0.O/am=IAACDAAE/d=0/rs=AGEqA5nkRSfxbPdnl2LhmdAy2jUfgO7YdA/m=sy76,TRvtze → 200 (?ms, -736B)
[2026-09-01T03:30:16.632Z] GET https://www.gstatic.com/_/atari/_/js/k=atari.vw.en_US.l4VLTz75WC0.O/am=IAACDAAE/d=0/rs=AGEqA5nkRSfxbPdnl2LhmdAy2jUfgO7YdA/m=LLHPdb,sy2y,ws9Tlc,cEt90b,sy87,KUM7Z,MpJwZc,n73qwf,A4UTCb,sy2x,L1AAkb,aW3pY,RyvaUb,sy2t,sy39,owcnme,sy3a,sy3b,O6y8ed,mzzZzc,CHCSlb,qAKInc,sy3n,YXyON,sy3s,sy3r,iTeaXe,sy78,abQiW,sy14,sy13,sy12,syx,syw,sy3c,pxq3x,sy3d,syq,sy3e,sy3x,syy,sy29,sy3f,sy4q,sy77,EGNJFf,V3dDOb,sy2w,ENNBBf,syh,syj,syf,syg,syd,syp,syc,sy3i,yf2Bs,sy1i,sy1p,sy1e,sy1c,sy1f,sy1n,sy1k,sy1o,sy1h,sy1d,sy1j,sy1l,sy1m,sy1g,syt,sy37,fmklff,TGYpv,XVMNvd,sy84,yxTchf,sy85,sy86,xQtZb,iSvg6e,N5Lqpc,sy3v,sy3w,sy3t,sy3u,sy3q,sy3y,sy3z,pc62j,qEW1W,oNFsLb,syk,syn,syo,sy3j,sy3k,iwfZq,m9oV,sy30,RAnnUd,i5dxUd,sy2z,sy31,sy32,sy33,sy2e,etBPYb,i5H9N,SU9Rsf,sy34,sy35,sy36,sy2c,sy2f,PHUIyb,qNG0Fc,syu,syv,syz,qTnoBf,NJ1rfe,ywOR5c,sy38,sye,wg1P6b,EcW08c,sy3g,sy3h,t8tqF,qddgKe,sy7a,SM1lmd,eEDsnd,sy10,sy11,sys,RRzQxe,sya,sy9,sy17,sy21,yyxWAc,sy0,sy1,sy7,sy2d,sy6,sy2b,sy2g,sy2a,sy28,sy2h,sy2i,sy1t,sy5k,syr,sy19,sy20,sy72,syb,sy4j,sy6v,sy18,fNFZH,sy79,sy3p,sy4p,sy2j,i16Xfc,sy4d,zJMuOc,RrXLpc,sy43,sy45,sy47,sy4e,sy4f,sy4g,tCGzVe,Ej8J2c,odWSx,cgRV2c,sy1z,sy3o,sy57,o1L5Wb,X4BaPc,vVEdxc,sy4,sy5,sy3l,sy4i,RQOkef,sy25,sy24,sy26,sy8,sy16,sy1v,sy1w,sy23,gaMBzf,sy6w,sy27,fVuHhf,sy70,j1RDQb,sy4l,sy4t,sy4s,sy4n,sy4k,sy4o,syi,sy1s,sy46,sy4h,sy4m,sy4r,sy4u,Md9ENb → 200 (?ms, -739B)
[2026-09-01T03:30:16.652Z] POST https://sites.google.com/_/view/naLogImpressions?authuser=0 → 200 (121ms, 67B)
[2026-09-01T03:30:16.705Z] GET https://www.gstatic.com/feedback/js/help/prod/service/lazy.min.js → 200 (?ms, -886B)
[2026-09-01T03:30:16.706Z] GET https://www.gstatic.com/_/atari/_/js/k=atari.vw.en_US.l4VLTz75WC0.O/am=IAACDAAE/d=0/rs=AGEqA5nkRSfxbPdnl2LhmdAy2jUfgO7YdA/m=IZT63,YYmHzb,vfuNJf,sy7r,sy7w,sy7y,sy8a,sy88,sy89,siKnQd,sy7q,sy7x,sy7z,YNjGDd,sy80,PrPYRd,iFQyKf,hc6Ubd,sy8b,SpsfSb,sy7t,sy7v,wR5FRb,pXdRYb,dIoSBb,zbML3c → 200 (?ms, -738B)
[2026-09-01T03:30:16.709Z] GET https://www.gstatic.com/_/atari/_/js/k=atari.vw.en_US.l4VLTz75WC0.O/am=IAACDAAE/d=0/rs=AGEqA5nkRSfxbPdnl2LhmdAy2jUfgO7YdA/m=sy42,sy44,fuVYe,sy48,sy49,CG0Qwb → 200 (?ms, -738B)
[2026-09-01T03:30:16.713Z] GET https://www.gstatic.com/_/atari/_/js/k=atari.vw.en_US.l4VLTz75WC0.O/am=IAACDAAE/d=0/rs=AGEqA5nkRSfxbPdnl2LhmdAy2jUfgO7YdA/m=sy1q,sy1y,Ae65rd,rCcCxc,sy73,gJzDyc,uu7UOe,sy7b,soHxf,CuaHnc,sy7c,uY3Nvd,mxS5xe,sy6q,HYv29e → 200 (1ms, -738B)
[2026-09-01T03:30:16.718Z] POST https://play.google.com/log?format=json&hasfast=true&authuser=0 → 200 (307ms, 151B)
[2026-09-01T03:30:19.651Z] POST https://sites.google.com/_/view/naLogImpressions?authuser=0 → 200 (344ms, 67B)
[2026-09-01T03:30:19.653Z] POST https://play.google.com/log?format=json&hasfast=true&authuser=0 → 200 (371ms, 151B)
[2026-09-01T03:30:21.908Z] POST https://www.google-analytics.com/g/collect?v=2&tid=G-XRQ92MLXDH&gtm=45je68s1v9243598106za200zd9243598106&_p=1788233416489&gcd=13l3l3l3l1l1&npa=0&dma=0&gdid=dZWRiYj&_eu=AAAAAAQ&are=1&cid=1809352281.1788233124&frm=0&ngs=1&pscdl=noapi&rcb=4&sr=1280x720&uaa=x86&uab=64&uafvl=Not%253AA-Brand%3B99.0.0.0%7CHeadlessChrome%3B145.0.7632.6%7CChromium%3B145.0.7632.6&uam=&uamb=0&uap=Windows&uapv=19.0.0&uaw=0&ul=es-mx&_s=1&tag_exp=115616985~115938466~115938469~118897920~118897930~120213116~120385422&sid=1788233123&sct=1&seg=1&dl=https%3A%2F%2Fsites.google.com%2Ftec.mx%2Femprendimiento-tec%2Flabs&dt=Experiencias%20de%20Emprendimiento%20-%20Labs&en=page_view&_ee=1&tfd=5665 → 204 (488ms, ?B)
[2026-09-01T03:30:32.526Z] GET https://sites.google.com/tec.mx/emprendimiento-tec/freeland → pending (?ms, ?B)
[2026-09-01T03:30:32.711Z] POST https://play.google.com/log?hasfast=true&authuser=0&format=json → pending (?ms, ?B)
[2026-09-01T03:30:32.711Z] POST https://www.google-analytics.com/g/collect?v=2&tid=G-XRQ92MLXDH&gtm=45je68s1v9243598106za200zd9243598106&_p=1788233416489&gcd=13l3l3l3l1l1&npa=0&dma=0&gdid=dZWRiYj&_eu=AAAAAAQ&are=1&cid=1809352281.1788233124&frm=0&ngs=1&pscdl=noapi&rcb=4&sr=1280x720&uaa=x86&uab=64&uafvl=Not%253AA-Brand%3B99.0.0.0%7CHeadlessChrome%3B145.0.7632.6%7CChromium%3B145.0.7632.6&uam=&uamb=0&uap=Windows&uapv=19.0.0&uaw=0&ul=es-mx&_s=2&tag_exp=115616985~115938466~115938469~118897920~118897930~120213116~120385422&sid=1788233123&sct=1&seg=1&dl=https%3A%2F%2Fsites.google.com%2Ftec.mx%2Femprendimiento-tec%2Flabs&dt=Experiencias%20de%20Emprendimiento%20-%20Labs&en=user_engagement&_et=15886&tfd=16464 → pending (?ms, ?B)
[2026-09-01T03:30:32.711Z] POST https://www.google.com/g/collect?v=2&tid=G-XRQ92MLXDH&gtm=45je68s1v9243598106za200zd9243598106&_p=1788233416489&gcd=13l3l3l3l1l1&npa=0&dma=0&gdid=dZWRiYj&_eu=AAAAAAQ&are=1&cid=1809352281.1788233124&frm=0&ngs=1&pscdl=noapi&rcb=4&sr=1280x720&uaa=x86&uab=64&uafvl=Not%253AA-Brand%3B99.0.0.0%7CHeadlessChrome%3B145.0.7632.6%7CChromium%3B145.0.7632.6&uam=&uamb=0&uap=Windows&uapv=19.0.0&uaw=0&ul=es-mx&_s=2&tag_exp=115616985~115938466~115938469~118897920~118897930~120213116~120385422&sid=1788233123&sct=1&seg=1&dl=https%3A%2F%2Fsites.google.com%2Ftec.mx%2Femprendimiento-tec%2Flabs&dt=Experiencias%20de%20Emprendimiento%20-%20Labs&en=user_engagement&_et=15886&tfd=16464&gaf=1 → pending (?ms, ?B)
[2026-09-01T03:30:32.720Z] GET https://fonts.googleapis.com/css?family=Google+Sans:400,500|Roboto:300,400,500,700|Source+Code+Pro:400,700&display=swap → 200 (?ms, -743B)
[2026-09-01T03:30:32.721Z] GET https://fonts.googleapis.com/css?family=Kumbh%20Sans%3Ai%2Cbi%2C700%2C400&display=swap → 200 (1ms, -743B)
[2026-09-01T03:30:32.723Z] GET https://fonts.googleapis.com/css?family=Poppins%3Ai%2Cbi%2C700%2C500%2C600%2C400&display=swap → 200 (1ms, -743B)
[2026-09-01T03:30:32.724Z] GET https://www.gstatic.com/_/atari/_/ss/k=atari.vw.aSyuBU2ZkRc.L.W.O/am=IAACDAAE/d=1/rs=AGEqA5nynIqRTnfpmbAdLcnbMGD_o1xU2w → 200 (?ms, -732B)
[2026-09-01T03:30:32.724Z] GET https://apis.google.com/js/client.js?onload=gapiLoaded → 200 (?ms, -839B)
[2026-09-01T03:30:32.731Z] GET https://apis.google.com/_/scs/abc-static/_/js/k=gapi.lb.en.zhTT8Br0Ho8.O/m=client/rt=j/sv=1/d=1/ed=1/rs=AHpOoo-7LeULGjNQZRvhdu3G71akb6JY6A/cb=gapi.loaded_0?le=scs → 200 (?ms, -919B)
[2026-09-01T03:30:32.759Z] GET https://www.googletagmanager.com/gtag/js?id=G-XRQ92MLXDH → 200 (?ms, -586B)
[2026-09-01T03:30:32.760Z] GET https://lh3.googleusercontent.com/sitesv/AG8ngQUwSyRKB_Fv8o_F0BClP0dcr-UwiZJcewbfX50hzaECwW0d_v3qN3FeLVrt6R3vPruglskFmhP_gHX8Asxd5Pn83HcoeMjmnCWwv9DqlAwvlaiMO_MeEZpWFvhY-CpY98v9_jQVfmkz9Cm6douLq0uEtk3yzb9n1DE0P9nKk2xw2gTe46Oeo6B98Oue=w16383 → 200 (322ms, ?B)
[2026-09-01T03:30:32.765Z] GET https://fonts.gstatic.com/s/googlesans/v70/4UasrENHsxJlGDuGo1OIlJfC6l_24rlCK1Yo_Iqcsih3SAyH6cAwhX9RPjIUvQ.woff2 → 200 (1ms, -815B)
[2026-09-01T03:30:32.766Z] GET https://fonts.gstatic.com/s/roboto/v51/KFO7CnqEu92Fr1ME7kSn66aGLdTylUAMa3yUBA.woff2 → 200 (?ms, -813B)
[2026-09-01T03:30:32.766Z] GET https://fonts.gstatic.com/s/kumbhsans/v27/c4mw1n92AsfhuCq6tVsaoIx1LQICk0boNoq0ShNPVo0.woff2 → 200 (2ms, -814B)
[2026-09-01T03:30:32.768Z] GET https://fonts.gstatic.com/s/poppins/v24/pxiGyp8kv8JHgFVrJJLucHtA.woff2 → 200 (?ms, -814B)
[2026-09-01T03:30:32.768Z] GET https://fonts.gstatic.com/s/poppins/v24/pxiDyp8kv8JHgFVrJJLmy15VF9eO.woff2 → 200 (?ms, -813B)
[2026-09-01T03:30:32.769Z] GET https://fonts.gstatic.com/s/poppins/v24/pxiEyp8kv8JHgFVrJJfecg.woff2 → 200 (?ms, -814B)
[2026-09-01T03:30:32.769Z] GET https://fonts.gstatic.com/s/poppins/v24/pxiByp8kv8JHgFVrLGT9Z1xlFQ.woff2 → 200 (?ms, -813B)
[2026-09-01T03:30:32.769Z] GET https://fonts.gstatic.com/s/poppins/v24/pxiByp8kv8JHgFVrLCz7Z1xlFQ.woff2 → 200 (?ms, -813B)
[2026-09-01T03:30:32.779Z] GET https://lh3.googleusercontent.com/sitesv/AG8ngQVyIVxJGVkU_j4bZp4wI0M5Xh5PzAdYeGe4C_YWJO8vAWTGLqWSU-VkFsa7NcXItP0KXfYy7-rcIFCWvrm3204SEg9H1oKPuiM1_xOD_i3-vfg3AF7kK376pAuzM7tyRDu0M-v6J41-7Kcx-GMOxVlO3FwNwiA1pgU-rXirTOZ_kz9VJ160B-pyKxdXbwS_fezeunotL6vM4GVaxw89C0PWhDEfJ13q8s7ChKTAsHA=w1280 → 200 (?ms, -500B)
[2026-09-01T03:30:32.784Z] GET https://lh3.googleusercontent.com/sitesv/AG8ngQWIUbWgoWCftx7IwWRN0cxKb6hLPlpF8gtGhoXPT6BYgxGjwozuWcYdub2ge7Dr8nZQH7D4Wp25BD0CVEwTTB-8PstVgdt4AWBipeosjcaPjtPRAi5d8AoezwDHJDUZhB0N-F1SJjd4vO0QObRPK4ygnNb7vIJPUM6_JdX_53WPV5Jm9YzAQxz_LSdRKKNxWEhj-qSrCBqFgwavyvoEw3IfnNsmfX40J9Q-69eRfIo=w1280 → 200 (1ms, -500B)
[2026-09-01T03:30:32.785Z] GET https://lh3.googleusercontent.com/sitesv/AG8ngQXEP01f51LGtIfnxZ9kAWwg5MteruBGcUpKnxNvGWJ8ldMj8DJaZZgD2yd1ZHAhGuFSp9IjsFGxhc0xt70thj7Pu_GzcttFGCs53BqM9lwLbAb4U24ozhsv91J5KX6MTkZMIYZPpNWYYXWg6kHKCoK7d7TJQhbWMIChMK6M7diaPSKXEgUr8Pd217kZxHJL_Ij4_mQzL9EZNutUO7gwS2GvLeTO7MHS2dz8jLMiX9g=w1280 → 200 (?ms, -500B)
[2026-09-01T03:30:32.786Z] GET https://lh3.googleusercontent.com/sitesv/AG8ngQX9NslOWSdYSqg3L7_PKgQEQO3v8L9RRQjQAhZAQNgZVjY2ewXpN3fUKpq0MH7VWQ1hTIwnGoMHEo9Eqs3pEmrgf27WcxIyhmsDoIs9HZ5VHFgRZA9QNIHXrTPvRySIRpj9lf56gpP5R4tygqkYpmZx5ntQeV3IffOfH7VSuWc41_5yWQqIUOmeYoaklPJN330Tioa9Gv0Wo7VkDopRbhJR48cB0nPagDAuM_Up3wE=w1280 → 200 (259ms, 14426B)
[2026-09-01T03:30:32.786Z] GET https://lh3.googleusercontent.com/sitesv/AG8ngQXTsYZ6Gym_ty7dnh7TopxQlNdQ0rv4uCuLaOzqAp_XHQwBeXFcm0zPe3X7Zc7A8bAp6NTus2tZ0XAOfhQfCqwHIkJnvl-E7pzNDY4zK4ujXc-jcuGc80qri8pWJyz_uxX2LtvDh830wFnldQMs_7VFfH-Y0Ay2nXtttxU4rZ_3d-DmK6TbzI8YtwkX41MKWGTdrck1ZTfwa6x5oCrbEy-Xr9LP0SY_mPXr3LNlKtY=w1280 → 200 (199ms, 44463B)
[2026-09-01T03:30:32.786Z] GET https://lh3.googleusercontent.com/sitesv/AG8ngQXtN0MYTKmgldbpwXsevCWMKqq2xeH5qnPhFyG8kD1v3jQzZJv0Q6S7MqovYLLdKKpguGZka27PvPMswy7S9pCWq5DRAPcBJWHEw5QQEzwfbQ3ksGKHbmeCGeB7MPZbcqJdsz0nyZq4ZU0UpkRZ1l4M37vF47uuUfp_rhvXAQPOO8L2soqRcRzaBcQpBs9GAKo5nnL-uvqCMlM4kGiKU_iBB7nQdIrUDC5gdV-MgR4=w1280 → 200 (294ms, ?B)
[2026-09-01T03:30:32.786Z] GET https://lh3.googleusercontent.com/sitesv/AG8ngQV5nFoZ5nZ9j3Wq2Ck85klPt3OfmaGsBkGGSUxNTnu-XCorYS3B9nLq4SJBOngxuA1hABWvUdcqyZrNsBOjK3Ozix2ln7VXUI5J81vRlWcut5vIhYk7YlAYANksz9AUuj9CNJ4VgCOUCHpnxwekDYzghE9GlUu6g9VUMrBwEQmi8RVTEFyoFASsBvNj9F4_FR73-SvelElBmmLcrM7Xp9czgn8nrg8bpRp8lAfcfC4=w1280 → 200 (198ms, 1188B)
[2026-09-01T03:30:32.786Z] GET https://lh3.googleusercontent.com/sitesv/AG8ngQXFIjEzcbsdhDif_v24UG-l-1Xr3Nbe8bR4a-u0jNjD3xY176ESLwIwuYcWUxUD5YmTxS0G2icpi3hTc3FS8pM-p3V2g890XNEb12sIPTeJ2e_DAF3v9oE5qiQhW4sos50RI4ryYAhjg9At0UAUiTOiDiZ9UbYtZVRSRZre0TN5RmjOdKcp9_vsZhQB0ROvzyYVHrQCuuh6DFLQbwe40gH5Tjey2XPTIfRUysVt=w1280 → 200 (113ms, 19224B)
[2026-09-01T03:30:32.786Z] GET https://lh3.googleusercontent.com/sitesv/AG8ngQXfGeM0W_jclc5UZO7m46YbCUlbkjHnE5qhzYKYXlsdVlpPt3NEqGC3BpHB5obhlpf4xjAYVBaEss9eablCTlCrQyxGqDSQ7eeuhP5Lip4tpZRbgYSbXCXYXfcxRTRAqziQXkFZMmri5CZ9C9GTyJ7sLumVY_xQ8pBT7y1krUN0wm0SCmsO91rZDOKqsbSUtjLTVrCfY8h3oGvQnkkW_Eo8STMlWRuJ52DJu_7zUsU=w1280 → 200 (112ms, 1194B)
[2026-09-01T03:30:32.786Z] GET https://lh3.googleusercontent.com/sitesv/AG8ngQXZjH1owB7mbq5wl_ANZAKUrY9HT-Aodq15sTKOrgN8xt7AgQIPMAv14Bqn7bycuJ0BPv4iJ4bExomgbB3cFr039zYPowadFZh1nCTTFS35wKTKeBcix2OUP16uztjqyjEChRxCC0jsKlETMxGBWTR1PQ87IMiIdDkCAgggqvgGpKFEwSKeuLG-LTn4h-6bT95LkmT_B4Das1ILze9PFHdp8I1zMA85uBstTHt15HM=w1280 → 200 (317ms, 1189B)
[2026-09-01T03:30:32.786Z] GET https://lh3.googleusercontent.com/sitesv/AG8ngQWeWt03Vvm2r6xBQXjcOCJVxG2DuJPHa6DO-aoPgiOS6UuwzTW4qp3BDT7u3drLxp73XdaRmWq0a9RionFoD-MsjBbMOP9EITODVB6eZ0UM8hIhsKnLSRCdoWhMCY0xpWRUHWJJBXgvgIS-up4a7KMJFP-ThTdu4KuWiu6dNlnspYm4hydLd9EvN8nAgwyKXRDro5KLBplUvXPMKk_g1Nmvmhod8tx6ZTv805iI=w1280 → pending (?ms, ?B)
[2026-09-01T03:30:32.786Z] GET https://lh3.googleusercontent.com/sitesv/AG8ngQWmE7ULyl--EIOmmKBE46N8dJoKXohsqFevvrZNS1fW5dB4YZWI2b52E8GV1UNdq8X7t4FHakOYoyP16EScSl37wmCsVYa65DhFXCvTSP2pBbhzERLCBcQ5y0HKeAeVs7NRq-cqMr8OWDVPhnIys6GJLVmfrF19xj2fUi58932GbLksSipjf-hBTJJmCwPVOd_LXSNTDNaIbWPle0TMQgltJK58TndZm832KfsLXRI=w1280 → 200 (776ms, ?B)
[2026-09-01T03:30:32.786Z] GET https://lh3.googleusercontent.com/sitesv/AG8ngQWZnxpOOwCS40FDLH1w02Z2tZdfkJNObryZIO4JnBGWPO8DxHGg7_u9IBU8TxVDJBlH8_ev7pugofRvibsX9dEa64ZO0rYLAl_eYyUtcFxvcr8IsFD6RyOEXSb494irIC0qAX6z6Q0pdGp-VyAI35DRvNmFPybbKrEiJo1hIn5olCr_cKuQ3pK-qqousJCxL-opFIvLdZu4Y9kbi2wqC-20vQYb1B2fY0qHDG1u=w1280 → 200 (716ms, ?B)
[2026-09-01T03:30:32.786Z] GET https://lh3.googleusercontent.com/sitesv/AG8ngQVomN095ofP5XEafjMu9n9zxfdtySrMd_irPtQ81Cma1q0q2yVybbE6UBWFI5kCiztTiMZCBGF6b-KbBLx05U34Z1tNEpfjqpyA82fdoS5478t7vHdHAL9bDiUDua2WmQgtIGayvipmjVnQ8P5ZPDqF8PAQGyps1U52FhPAjHwL3bSOakdgenYjCLkzvWjTRAsJHGfuSpl5KF7mHxLbxvC3nDUYDg9ww5IFhpF3=w1280 → 200 (804ms, ?B)
[2026-09-01T03:30:32.786Z] GET https://lh3.googleusercontent.com/sitesv/AG8ngQVZ3-nb6EvUMb7liyfwdjYOOu4UjM0CiKlRkPUDL_BNVcJC0kuVvwQtyPF0sJ81m6CScEoB8yU1jsLP1LwXE00RgssMWrxVUPXAD6ql2z7co8TYJny_FZ3eiE2G6vczhaycGCsRtprteMqKTN8fJ1o-thMvPLchKqYzgjKuQHhfOPE41anraLJeU_t_wMQzm7l25iOmhnTPSnQb2oj8zAdyFJxFJ7dB8wB-fOJDo7Y=w1280 → pending (?ms, ?B)
[2026-09-01T03:30:32.787Z] GET https://lh3.googleusercontent.com/sitesv/AG8ngQXLwtJylMSlLrG8DwpPY1fAStExBGVaTMWTbd4PDUeHA9J33CmX4dxcqHZL1mgIKA6GdEyBRz6Hkt3NJORc546o4Yqx8vanpmvaXsiCdYU1W5VnXadfFyUjwpKbTeJkjkJrjb_VEqVabcyDm7yzdNR7KffxF2spKEVep5w9gHWiZQ59RGXcN0FpamGRwiEOs5__Iu1cBKbrFUhdDoRNwPl-qs4L6J5IhU8dXtasj_c=w1280 → pending (?ms, ?B)
[2026-09-01T03:30:32.815Z] GET https://lh3.googleusercontent.com/sitesv/AG8ngQUvbBers19nsSOOsjnzTJ1XR2hJlE_Ak-cZ_qMtEOXpYufjG38C3eYY4AKo-CGSBQpi_uMk7Ke-AAuRvGCPteqYDXbacJE9kkOU4J2eLVMs6sscFZd73aAHhHubLqIgiDdLrml6qbbRl0PgMOmWGrArdwWhA3m_c53Fu0AvOTfOy-uTorzw2TWjYvE6=w16383 → pending (?ms, ?B)
[2026-09-01T03:30:32.815Z] GET https://lh3.googleusercontent.com/sitesv/AG8ngQV4nuWg6qFkUTOgu1vOT_p4Lo3eqW2HAKepaiSgw4u3DdhxuIF41Qn7MSfXppEmVfIM9Fw0qr7R8pGnFFPymkp8d4Xx9AfpkvVYpj_U_RrfHuc9lwLrIUPbYrgaTvTpbhOChPaXyVwvLwhNTJnDJ2wWie_H5OO4UIs8Fddnr6JC6IL1SYlP-qda84xAtqY=w16383 → pending (?ms, ?B)
[2026-09-01T03:30:32.815Z] GET https://lh3.googleusercontent.com/sitesv/AG8ngQXTPRvZSQ3z4klitCnHCMgm7zan4iPXaQbLsT_FpNzXcGJpJdVabqZw_VK_HOo24zVsXuwyZa-FX7vTBmBLpn8SV3WzO3xfVJiHRO0BvsBPTnxBoJgDKwW924CMqurjl853QBbGTQVD-TP1pMCjYfkjmLYz2NkqJaAOblLPk2Cp18xXsX6GaowDjvn_86s=w16383 → pending (?ms, ?B)
[2026-09-01T03:30:32.815Z] GET https://lh3.googleusercontent.com/sitesv/AG8ngQXSZGQYyRExs6ipaeLTHnp_Re1GZAPM3XRvlZbuTiiid1Scr9Bx8PzCAontY9Vh7SiPemiEPmyeurGNTJK1dLgn4ImAw0A1WkfkDUO3ZCgl09zFl_B7ZafyN5hKi8owlETFBV0dWAqGU26EubvkqwBvpoqfs7V_iSjWDp2nuiTMzsxJIfl2g9mhC9P9cYs=w16383 → pending (?ms, ?B)
[2026-09-01T03:30:32.815Z] GET https://lh3.googleusercontent.com/sitesv/AG8ngQWn1-PcrYJs0yueurjgVu_NbkxYeDllwkN1hWxG3WUjwZXec9UQHW5Ep65l7-VUMrNU2hHt6E82dPLy2fEbjETRojOHBdfjdCdzs9OLNWUruPsQHd4lXr1U-Ax6H4-MajVv33pZxeJK0HKGBERxH9cMcodhPqBr4kqjtAYKZ0fAW-dqHrqPsVf2ryNz8IM=w16383 → pending (?ms, ?B)
[2026-09-01T03:30:32.815Z] GET https://lh3.googleusercontent.com/sitesv/AG8ngQWqCerHYOl5zpIXSx8vVyCz9REbodtzbJpLWbfpwahuvhl5Q0MgFOLydL8_WHSq7pmSEn2vHKxLpwsB4QGjFAn1JOwRFC9I2vjajnJ1w0CBi0VWKlpjLHrIcV4fe0SGN0g0nRQlaBmLREBq2H2RDwFfsW8JR7me3RFS1QJ_LOt2jWMLCeN47TduREB1=w16383 → pending (?ms, ?B)
[2026-09-01T03:30:32.815Z] GET https://lh3.googleusercontent.com/sitesv/AG8ngQWp16De-hl-PsZfhoKY0sxZA53f5gLOnjxTFZZgJ5LniivrySgYBXRIpwYo2IPaRiiLkSsb_MsD26yayNInuhZR2xTd7pV7T7lAn1lzvaY_sfOHNY-eQYMymueI6nsqlF3UL-UVkR9t7QgJ3iPK_yoloNAscYbx_Be5lIkpDmq6_Q526I2sXJCrxpux=w16383 → pending (?ms, ?B)
[2026-09-01T03:30:32.815Z] GET https://lh3.googleusercontent.com/sitesv/AG8ngQVzcWoQbbQls-N-_1RmB5ZjL-ESHJls8pJIpPKLudi3D6ZiarTxsdx5znc2ulr-HQp-UnhQFEuQYRwUc75pjJCXmJEP9g7qQjy_zBvZkEYLX15LU-FhTDLqaduv1WAcvBBG9ZNGzLeRyPFkOkbrWsoxQ2dFMGSDSbj4s25sgOzOEVETRUBTj3rWeg=w16383 → pending (?ms, ?B)
[2026-09-01T03:30:32.815Z] GET https://lh3.googleusercontent.com/sitesv/AG8ngQX9fHgEl5jvSIOp1ZibCWqhjBDiqSuBgvL7JwMa6i0RvUyStBaQKZg363YhVlnhlDGPHOyQSFbcxvXrnByUf4b_kozQ3FllwomKknvmlAtFsIEBMxXnQ-LfFSYslKGkP7wHccaI9Gljr0nWnJRf6dOaVI3z--yMLz5NeQVwtsaO92xGJjkWHpuTa1v6=w16383 → pending (?ms, ?B)
[2026-09-01T03:30:32.815Z] GET https://lh3.googleusercontent.com/sitesv/AG8ngQWvSBA63PfWjBDXg6D-hW2_PjiO47HUVAui1wPYzwN9loabW1W1XmG55Dni94hr5j0fDid-jEXUl5QCEFE8ypJh9Q3TH-5BAJyjTTD0j65D4zuHeAbRUfRj0laAhF6UFohi90QiAKTisVn8GxipZ0X3HCM6Z0lYEd5y3rIM-Ms9PoypVRRmZ0f6vY4Ffjs=w16383 → pending (?ms, ?B)
[2026-09-01T03:30:32.815Z] GET https://lh3.googleusercontent.com/sitesv/AG8ngQXeFKFoJOeHfFi-ZHEPdfblUaFeIdfuvO5XBcHe4SkE0aLP-nKck2WvhOzydLZf6NrtIm1kK4nRKvzaHUaAbLdhk8j8oNC0K2gjqakVvB78G9nLLab86QyYP5YoKIaIq2THHHRCm9hAB4ZvMjPnaIEaS4FjUHXrer1SoWSyQovqznQwf663zeEZ7Pmy0Q4=w16383 → pending (?ms, ?B)
[2026-09-01T03:30:32.815Z] GET https://lh3.googleusercontent.com/sitesv/AG8ngQXIMYVVH_NpC-qKjPbzgRicMRYhMZXZ55dq2EYtqlZJtO2362fboxEJHgiHouXmPFzVfYLq9BM2WRptxPqbdyUTqvl1CJ4vU-QVaH2LmTJhoJJKBi_A_P-U5LjQ_rczLUkOyY3R_MjZnV5AcE1L7OBMIipOLvF-KGV_Doe6ftFQ0xAPx4A3k2_Fgg=w16383 → pending (?ms, ?B)
[2026-09-01T03:30:32.815Z] GET https://lh3.googleusercontent.com/sitesv/AG8ngQWiXLN89WC9ZL2YkCi5WAD3F_GvL1tvxjXBZMLJm6JVgjG4orlkbqSj7CQn2L5e20tRPyvDSeKzgaKbS2G6v2LUkGQEpX4U-i8ZMOeVZivyYGDLCcYfosOv1xr_so6cR_R7Qe5e_aTGOUCmuP76fnT0HNKsme3m1sQuGTkfP6PWwTQ_Oie0ckxDsQAkoWM=w16383 → pending (?ms, ?B)
[2026-09-01T03:30:32.816Z] GET https://lh3.googleusercontent.com/sitesv/AG8ngQV56yy8xLnWvfSLFrJ444fWG1QikcjT8gNdqB9ezen2Ou7dQ7e5BfjEoKqxVF46jjuS9UH0GjJadpsY5kIReFWIYlt4NuPCFPTJRAAVIN6JUiC3BE7EG1pDw-25oNwmIDCwQpscVP-5tKAORFt3uLiVeQIlwDQ9sbcm3ZIZ3_98Vsg1bRXvh-nfkoU5=w16383 → pending (?ms, ?B)
[2026-09-01T03:30:32.816Z] GET https://lh3.googleusercontent.com/sitesv/AG8ngQWJ1AbYp3aGYD3nhURRARZha01_sIJOv1wVRID1HRwRT6zBnaXWBxij8VSMbwmkIkjyWEIrin72r3Rjmn6TAqBrQuCKjsU_lZdqwhfdgKlqkCd4y-ob4QzKh96N1z9-8WJ5BVV26wAVFr2IMP0tbCqJ_a7rqrotKUJ0WYVMSoeFKblrLmB30HY9x8GIhpo=w16383 → pending (?ms, ?B)
[2026-09-01T03:30:32.816Z] GET https://lh3.googleusercontent.com/sitesv/AG8ngQVL0FY9mgNfe1df5lLfLtvv3sIhyAKs2hQn_NX9fqsm30WB-X0BRjr2Ns9-8UeYttN24Utqe8rstZOZ9pn4KxzUFtEguaBGM2WY20AFwegS3z4Rfabxv0CChY3SiJODxewLYxaXcNKlsSC52_SshMrVapw36CfN8_tBAViehGxUv65bp9P4ZVWDFvlz=w16383 → pending (?ms, ?B)
[2026-09-01T03:30:32.865Z] GET https://www.gstatic.com/_/atari/_/js/k=atari.vw.en_US.l4VLTz75WC0.O/am=IAACDAAE/d=1/rs=AGEqA5nkRSfxbPdnl2LhmdAy2jUfgO7YdA/m=view → 200 (?ms, -739B)
[2026-09-01T03:30:32.869Z] GET https://www.gstatic.com/_/atari/_/js/k=atari.vw.en_US.l4VLTz75WC0.O/am=IAACDAAE/d=0/rs=AGEqA5nkRSfxbPdnl2LhmdAy2jUfgO7YdA/m=sy4b,sy4c,sy4a,FoQBg → 200 (?ms, -738B)
[2026-09-01T03:30:32.870Z] GET https://www.gstatic.com/_/atari/_/js/k=atari.vw.en_US.l4VLTz75WC0.O/am=IAACDAAE/d=0/rs=AGEqA5nkRSfxbPdnl2LhmdAy2jUfgO7YdA/m=sy76,TRvtze → 200 (?ms, -736B)
[2026-09-01T03:30:32.897Z] GET https://www.gstatic.com/_/atari/_/js/k=atari.vw.en_US.l4VLTz75WC0.O/am=IAACDAAE/d=0/rs=AGEqA5nkRSfxbPdnl2LhmdAy2jUfgO7YdA/m=LLHPdb,sy2y,ws9Tlc,cEt90b,sy87,KUM7Z,MpJwZc,n73qwf,A4UTCb,sy2x,L1AAkb,aW3pY,RyvaUb,sy2t,sy39,owcnme,sy3a,sy3b,O6y8ed,mzzZzc,CHCSlb,qAKInc,sy3n,YXyON,sy3s,sy3r,iTeaXe,sy78,abQiW,sy14,sy13,sy12,syx,syw,sy3c,pxq3x,sy3d,syq,sy3e,sy3x,syy,sy29,sy3f,sy4q,sy77,EGNJFf,V3dDOb,sy2w,ENNBBf,syh,syj,syf,syg,syd,syp,syc,sy3i,yf2Bs,sy1i,sy1p,sy1e,sy1c,sy1f,sy1n,sy1k,sy1o,sy1h,sy1d,sy1j,sy1l,sy1m,sy1g,syt,sy37,fmklff,TGYpv,XVMNvd,sy84,yxTchf,sy85,sy86,xQtZb,iSvg6e,N5Lqpc,sy3v,sy3w,sy3t,sy3u,sy3q,sy3y,sy3z,pc62j,qEW1W,oNFsLb,syk,syn,syo,sy3j,sy3k,iwfZq,m9oV,sy30,RAnnUd,i5dxUd,sy2z,sy31,sy32,sy33,sy2e,etBPYb,i5H9N,SU9Rsf,sy34,sy35,sy36,sy2c,sy2f,PHUIyb,qNG0Fc,syu,syv,syz,qTnoBf,NJ1rfe,ywOR5c,sy38,sye,wg1P6b,EcW08c,sy3g,sy3h,t8tqF,qddgKe,sy7a,SM1lmd,eEDsnd,sy10,sy11,sys,RRzQxe,sya,sy9,sy17,sy21,yyxWAc,sy0,sy1,sy7,sy2d,sy6,sy2b,sy2g,sy2a,sy28,sy2h,sy2i,sy1t,sy5k,syr,sy19,sy20,sy72,syb,sy4j,sy6v,sy18,fNFZH,sy79,sy3p,sy4p,sy2j,i16Xfc,sy4d,zJMuOc,RrXLpc,sy43,sy45,sy47,sy4e,sy4f,sy4g,tCGzVe,Ej8J2c,odWSx,cgRV2c,sy1z,sy3o,sy57,o1L5Wb,X4BaPc,vVEdxc,sy4,sy5,sy3l,sy4i,RQOkef,sy25,sy24,sy26,sy8,sy16,sy1v,sy1w,sy23,gaMBzf,sy6w,sy27,fVuHhf,sy70,j1RDQb,sy4l,sy4t,sy4s,sy4n,sy4k,sy4o,syi,sy1s,sy46,sy4h,sy4m,sy4r,sy4u,Md9ENb → 200 (?ms, -739B)
[2026-09-01T03:30:32.922Z] POST https://sites.google.com/_/view/naLogImpressions?authuser=0 → 200 (98ms, 67B)
[2026-09-01T03:30:32.974Z] GET https://www.gstatic.com/feedback/js/help/prod/service/lazy.min.js → 200 (?ms, -886B)
[2026-09-01T03:30:32.976Z] GET https://www.gstatic.com/_/atari/_/js/k=atari.vw.en_US.l4VLTz75WC0.O/am=IAACDAAE/d=0/rs=AGEqA5nkRSfxbPdnl2LhmdAy2jUfgO7YdA/m=IZT63,YYmHzb,vfuNJf,sy7r,sy7w,sy7y,sy8a,sy88,sy89,siKnQd,sy7q,sy7x,sy7z,YNjGDd,sy80,PrPYRd,iFQyKf,hc6Ubd,sy8b,SpsfSb,sy7t,sy7v,wR5FRb,pXdRYb,dIoSBb,zbML3c → 200 (?ms, -738B)
[2026-09-01T03:30:32.977Z] GET https://www.gstatic.com/_/atari/_/js/k=atari.vw.en_US.l4VLTz75WC0.O/am=IAACDAAE/d=0/rs=AGEqA5nkRSfxbPdnl2LhmdAy2jUfgO7YdA/m=sy42,sy44,fuVYe,sy48,sy49,CG0Qwb → 200 (?ms, -738B)
[2026-09-01T03:30:32.980Z] GET https://www.gstatic.com/_/atari/_/js/k=atari.vw.en_US.l4VLTz75WC0.O/am=IAACDAAE/d=0/rs=AGEqA5nkRSfxbPdnl2LhmdAy2jUfgO7YdA/m=sy1q,sy1y,Ae65rd,rCcCxc,sy73,gJzDyc,uu7UOe,sy7b,soHxf,CuaHnc,sy7c,uY3Nvd,mxS5xe,sy6q,HYv29e → 200 (?ms, -738B)
[2026-09-01T03:30:32.988Z] POST https://play.google.com/log?format=json&hasfast=true&authuser=0 → 200 (216ms, 151B)
[2026-09-01T03:30:35.925Z] POST https://sites.google.com/_/view/naLogImpressions?authuser=0 → 200 (270ms, 67B)
[2026-09-01T03:30:35.927Z] POST https://play.google.com/log?format=json&hasfast=true&authuser=0 → 200 (353ms, 151B)
[2026-09-01T03:30:38.083Z] POST https://www.google-analytics.com/g/collect?v=2&tid=G-XRQ92MLXDH&gtm=45je68s1v9243598106za200zd9243598106&_p=1788233432757&gcd=13l3l3l3l1l1&npa=0&dma=0&gdid=dZWRiYj&_eu=AAAAAAQ&are=1&cid=1809352281.1788233124&frm=0&ngs=1&pscdl=noapi&rcb=8&sr=1280x720&uaa=x86&uab=64&uafvl=Not%253AA-Brand%3B99.0.0.0%7CHeadlessChrome%3B145.0.7632.6%7CChromium%3B145.0.7632.6&uam=&uamb=0&uap=Windows&uapv=19.0.0&uaw=0&ul=es-mx&_s=1&tag_exp=115616985~115938465~115938468~118897920~118897930~120213116~120385423&sid=1788233123&sct=1&seg=1&dl=https%3A%2F%2Fsites.google.com%2Ftec.mx%2Femprendimiento-tec%2Ffreeland&dt=Experiencias%20de%20Emprendimiento%20-%20Freeland&en=page_view&_ee=1&tfd=5553 → 204 (267ms, ?B)
[2026-09-01T03:30:48.825Z] GET https://sites.google.com/tec.mx/emprendimiento-tec/sparkcamp → 200 (159ms, 43693B)
[2026-09-01T03:30:49.018Z] POST https://play.google.com/log?hasfast=true&authuser=0&format=json → pending (?ms, ?B)
[2026-09-01T03:30:49.018Z] POST https://www.google-analytics.com/g/collect?v=2&tid=G-XRQ92MLXDH&gtm=45je68s1v9243598106za200zd9243598106&_p=1788233432757&gcd=13l3l3l3l1l1&npa=0&dma=0&gdid=dZWRiYj&_eu=AAAAAAQ&are=1&cid=1809352281.1788233124&frm=0&ngs=1&pscdl=noapi&rcb=8&sr=1280x720&uaa=x86&uab=64&uafvl=Not%253AA-Brand%3B99.0.0.0%7CHeadlessChrome%3B145.0.7632.6%7CChromium%3B145.0.7632.6&uam=&uamb=0&uap=Windows&uapv=19.0.0&uaw=0&ul=es-mx&_s=2&tag_exp=115616985~115938465~115938468~118897920~118897930~120213116~120385423&sid=1788233123&sct=1&seg=1&dl=https%3A%2F%2Fsites.google.com%2Ftec.mx%2Femprendimiento-tec%2Ffreeland&dt=Experiencias%20de%20Emprendimiento%20-%20Freeland&en=user_engagement&_et=15918&tfd=16480 → pending (?ms, ?B)
[2026-09-01T03:30:49.018Z] POST https://www.google.com/g/collect?v=2&tid=G-XRQ92MLXDH&gtm=45je68s1v9243598106za200zd9243598106&_p=1788233432757&gcd=13l3l3l3l1l1&npa=0&dma=0&gdid=dZWRiYj&_eu=AAAAAAQ&are=1&cid=1809352281.1788233124&frm=0&ngs=1&pscdl=noapi&rcb=8&sr=1280x720&uaa=x86&uab=64&uafvl=Not%253AA-Brand%3B99.0.0.0%7CHeadlessChrome%3B145.0.7632.6%7CChromium%3B145.0.7632.6&uam=&uamb=0&uap=Windows&uapv=19.0.0&uaw=0&ul=es-mx&_s=2&tag_exp=115616985~115938465~115938468~118897920~118897930~120213116~120385423&sid=1788233123&sct=1&seg=1&dl=https%3A%2F%2Fsites.google.com%2Ftec.mx%2Femprendimiento-tec%2Ffreeland&dt=Experiencias%20de%20Emprendimiento%20-%20Freeland&en=user_engagement&_et=15918&tfd=16480&gaf=1 → pending (?ms, ?B)
[2026-09-01T03:30:49.027Z] GET https://fonts.googleapis.com/css?family=Google+Sans:400,500|Roboto:300,400,500,700|Source+Code+Pro:400,700&display=swap → 200 (3ms, -743B)
[2026-09-01T03:30:49.030Z] GET https://fonts.googleapis.com/css?family=Kumbh%20Sans%3Ai%2Cbi%2C700%2C800%2C400&display=swap → 200 (?ms, -743B)
[2026-09-01T03:30:49.030Z] GET https://fonts.googleapis.com/css?family=Poppins%3Ai%2Cbi%2C700%2C500%2C600%2C300%2C400&display=swap → 200 (?ms, -743B)
[2026-09-01T03:30:49.031Z] GET https://www.gstatic.com/_/atari/_/ss/k=atari.vw.aSyuBU2ZkRc.L.W.O/am=IAACDAAE/d=1/rs=AGEqA5nynIqRTnfpmbAdLcnbMGD_o1xU2w → 200 (?ms, -732B)
[2026-09-01T03:30:49.040Z] GET https://apis.google.com/js/client.js?onload=gapiLoaded → 200 (?ms, -839B)
[2026-09-01T03:30:49.041Z] GET https://apis.google.com/_/scs/abc-static/_/js/k=gapi.lb.en.zhTT8Br0Ho8.O/m=client/rt=j/sv=1/d=1/ed=1/rs=AHpOoo-7LeULGjNQZRvhdu3G71akb6JY6A/cb=gapi.loaded_0?le=scs → 200 (?ms, -919B)
[2026-09-01T03:30:49.069Z] GET https://www.googletagmanager.com/gtag/js?id=G-XRQ92MLXDH → 200 (?ms, -586B)
[2026-09-01T03:30:49.069Z] GET https://lh3.googleusercontent.com/sitesv/AG8ngQWQbNwvMbmp8zEY9Ekqi69-iXEvQ6H-YnazkZZ6ilttPJyhrefpucMiNOKbiE_RY2Xb9ObSRw60wM6kUX_AdPOTfAnmXq55Q_-oLJcndFjX7089nf-MbbM7VFDkcDAbtbGoKbh8EWM1kKvQiqeD8Z60Bwktbfq3ybCNo0jjRRNzi9uqS7ptqBe2AdJz=w16383 → 200 (300ms, ?B)
[2026-09-01T03:30:49.077Z] GET https://fonts.gstatic.com/s/googlesans/v70/4UasrENHsxJlGDuGo1OIlJfC6l_24rlCK1Yo_Iqcsih3SAyH6cAwhX9RPjIUvQ.woff2 → 200 (1ms, -815B)
[2026-09-01T03:30:49.078Z] GET https://fonts.gstatic.com/s/roboto/v51/KFO7CnqEu92Fr1ME7kSn66aGLdTylUAMa3yUBA.woff2 → 200 (?ms, -813B)
[2026-09-01T03:30:49.078Z] GET https://fonts.gstatic.com/s/kumbhsans/v27/c4mw1n92AsfhuCq6tVsaoIx1LQICk0boNoq0ShNPVo0.woff2 → 200 (?ms, -814B)
[2026-09-01T03:30:49.081Z] GET https://fonts.gstatic.com/s/poppins/v24/pxiGyp8kv8JHgFVrJJLucHtA.woff2 → 200 (?ms, -814B)
[2026-09-01T03:30:49.081Z] GET https://fonts.gstatic.com/s/poppins/v24/pxiDyp8kv8JHgFVrJJLmy15VF9eO.woff2 → 200 (?ms, -813B)
[2026-09-01T03:30:49.081Z] GET https://fonts.gstatic.com/s/poppins/v24/pxiByp8kv8JHgFVrLDz8Z1xlFQ.woff2 → 200 (?ms, -812B)
[2026-09-01T03:30:49.082Z] GET https://fonts.gstatic.com/s/poppins/v24/pxiEyp8kv8JHgFVrJJfecg.woff2 → 200 (?ms, -814B)
[2026-09-01T03:30:49.083Z] GET https://fonts.gstatic.com/s/poppins/v24/pxiByp8kv8JHgFVrLGT9Z1xlFQ.woff2 → 200 (?ms, -813B)
[2026-09-01T03:30:49.083Z] GET https://fonts.gstatic.com/s/poppins/v24/pxiByp8kv8JHgFVrLCz7Z1xlFQ.woff2 → 200 (?ms, -813B)
[2026-09-01T03:30:49.167Z] GET https://lh3.googleusercontent.com/sitesv/AG8ngQWeWt03Vvm2r6xBQXjcOCJVxG2DuJPHa6DO-aoPgiOS6UuwzTW4qp3BDT7u3drLxp73XdaRmWq0a9RionFoD-MsjBbMOP9EITODVB6eZ0UM8hIhsKnLSRCdoWhMCY0xpWRUHWJJBXgvgIS-up4a7KMJFP-ThTdu4KuWiu6dNlnspYm4hydLd9EvN8nAgwyKXRDro5KLBplUvXPMKk_g1Nmvmhod8tx6ZTv805iI=w1280 → 200 (1ms, -500B)
[2026-09-01T03:30:49.168Z] GET https://lh3.googleusercontent.com/sitesv/AG8ngQWIUbWgoWCftx7IwWRN0cxKb6hLPlpF8gtGhoXPT6BYgxGjwozuWcYdub2ge7Dr8nZQH7D4Wp25BD0CVEwTTB-8PstVgdt4AWBipeosjcaPjtPRAi5d8AoezwDHJDUZhB0N-F1SJjd4vO0QObRPK4ygnNb7vIJPUM6_JdX_53WPV5Jm9YzAQxz_LSdRKKNxWEhj-qSrCBqFgwavyvoEw3IfnNsmfX40J9Q-69eRfIo=w1280 → 200 (?ms, -500B)
[2026-09-01T03:30:49.171Z] GET https://lh3.googleusercontent.com/sitesv/AG8ngQXEP01f51LGtIfnxZ9kAWwg5MteruBGcUpKnxNvGWJ8ldMj8DJaZZgD2yd1ZHAhGuFSp9IjsFGxhc0xt70thj7Pu_GzcttFGCs53BqM9lwLbAb4U24ozhsv91J5KX6MTkZMIYZPpNWYYXWg6kHKCoK7d7TJQhbWMIChMK6M7diaPSKXEgUr8Pd217kZxHJL_Ij4_mQzL9EZNutUO7gwS2GvLeTO7MHS2dz8jLMiX9g=w1280 → 200 (?ms, -500B)
[2026-09-01T03:30:49.171Z] GET https://lh3.googleusercontent.com/sitesv/AG8ngQULi-2TNud5BIzr-uoahjiRPbd3MfHXXxV1pBQWFO7pJ9KF8n16LMjXzoKDfuR1rtVGUpQLELX2F3ShmbTbtLjWM2VIUv2feJ9GmS0ixOhq79VYaknNc5Kxo0d1KEsKBz0tGmNovI4RHihAPVjcCN4hjgx1-wz_vBlLzCAQyaYBy-yIaEg6ekCHsrNnDulQp5GhLHfUVzYkYjQ0DjpbsUJIflDpKLsqVgAEaGUO=w1280 → 200 (124ms, 30263B)
[2026-09-01T03:30:49.171Z] GET https://lh3.googleusercontent.com/sitesv/AG8ngQW5ye2GM2CEhXRNgT7hLoQ_K3UClvPR0CIYc6oGGV3hB285RAEbHAt0aJbrD6OecG10MbGIrE81YGDCbH6oCKeTTVxi97QawXAib3nH4-fsJas8QN__XbC5gXNIS6vhuAneiWvXfbStnSJPh7VymNV-6O5NEw63Q7wpuu4OEbokPx4TOD3x-t_OHbCnv7D0wJCvE7_05sEMfRcZm23wEQN-UWTSOqq_k56H1AOkh-A=w1280 → 200 (190ms, 29166B)
[2026-09-01T03:30:49.171Z] GET https://lh3.googleusercontent.com/sitesv/AG8ngQXM5ji2NuJDyyP7q6XpQLrjLl1QoxsvB1rDdSqiWbYRSVYEDagbRbwjOQcBjNje51nO37qgOOs4nbRYwGGQrc8Ci5q10YeXJ7lZHd5KKTakNPYdKXgRkUiGEpqiyB1Rgu3p7P7MLYCcNaY0KyI5m-jn-jMXPwfgc9-Dmzw9EI-oVYCJPhNGHjwIyEIhGYRZPIMqW6XhtkvWj1y7gM0oyVDRGPqnXEuMhkO80BIM8HY=w1280 → 200 (155ms, 43552B)
[2026-09-01T03:30:49.171Z] GET https://lh3.googleusercontent.com/sitesv/AG8ngQXSbkNu7GbeGJLpP1ZmkQOFb5U3bWljgKsFJuwcyzRrkRlAVQSPukItUBcN1Ue64m1MSVjODXtJJhPK1whcVEgSQd1eTmT_CmQ3bNcMGL_6WlDnzAuHL9z6FieSckdOmRFwXv0EUMgY68u6SAyToa_eM4pbMe-GpXzYPVDoKkKDf6K5OecjcOO-m4yQqyuh5zuZpsnW5t-DCAb3N2Njm5F60ffL9WKsvtZ_21Ys=w1280 → 200 (190ms, ?B)
[2026-09-01T03:30:49.171Z] GET https://lh3.googleusercontent.com/sitesv/AG8ngQWgRI2Aq5Y3PlxCpjz_bDyH-HbuNwMXlWPHgR8PLX6r7oXPeB4Vc-YaxphfuTP34rHgmX6ypjVn3VUTpRdgEWUz8_s_L6j4LxR5h2DBTQ3T_Z52bpV8oTqwkW0v2P1pyub_5_zhbRf4Wb5vLT8rscB7rFc6rpkHKEUxpxWfzYS3JqYoDMetrMKrTKto0RH1n4FkRQYo62UV1CyV16JbOu-082Ykx69vbj_UTu6z=w1280 → 200 (241ms, ?B)
[2026-09-01T03:30:49.171Z] GET https://lh3.googleusercontent.com/sitesv/AG8ngQWMnJLGuv5xqexNrGYHigJousS9Kz29Fya9fFv2mNorcF8uzolXKwHJvpHt9vyR6fDIk67LGJxOpTnIfBYAmcQJ3YEe1SlEEEyQMJatw9mLOZsjdrLJWgs3WD3MxXM1megeGOmQabva5iRwSOR9b35SUZDpwNi4vYcT-sX79lq0Pv3TAdT_mMKY3XXPqb7qQKRqBcY0Tu8KwmSz-QwZi4oZg0UMJlnEIuJiUOf2nIk=w1280 → 200 (208ms, 1252B)
[2026-09-01T03:30:49.172Z] GET https://lh3.googleusercontent.com/sitesv/AG8ngQUaHe7qa9kNKmerxMFZTwmtB7szdI_dL2bE2Z6d8DQ2AQ-JWtcjZczEuVIjN1CmaFV91tpHpgKxYjuFZ4VoxVBnFAPh9o8RMkeFqbgPiuPG0F8iueK7YJIWnnxW7XdvtTtm_V1KBr8xUc4-OQYb-HCHBo01Ft5kdQ6-JqnUIq7CJ8ChFiDFEh-M4mvCN0u01lYBDcCXtenYuLjualxSaxat5fsb9rhmcU5NJtGf4VA=w1280 → 200 (217ms, 17956B)
[2026-09-01T03:30:49.172Z] GET https://lh3.googleusercontent.com/sitesv/AG8ngQWe_sMATDsATX1vwqcMleCxJEJyi6fsMyQcj2-V5QaJdvHELzfAWqEBkq97vj-y4jCPRs7dUKBC2IWeIVRKAfhINXxqY7VzwIbngbOSZN5vDnpI-InN3Y_X8iLyX03M8v1RyuXHpoyKCdzqYcq7T2MJXU5Ug1h2UNlvSZqqcNV7aZ0v-ZC61d-cU1g4TYJdB2hoMtVgjcJ4G0wYnRr0nFnD3x5XgKSjAw9p9TlnKrY=w1280 → pending (?ms, ?B)
[2026-09-01T03:30:49.172Z] GET https://lh3.googleusercontent.com/sitesv/AG8ngQUaNo5TzBlNqQ0SR56Bhj9rEZ1SpdqqIOJjhgk1enT8CdV5XoL_zgbBdWP8n9RqMqyp4qbNRaaeBVa2LoDkWsIXxyuX0U_jl4IApJ3XRF5T628zOuwinEHUpIdwkMmxXyjLEujHGl6awmxPvfQqTUWIxGoLQQ8oac3hKC46zdC6IFbJR4otLQ9tOkI_NqRsOT8Kiooak1nir21cumJ7VxX9X6G2LWwXbu5F4AWzQK0=w1280 → pending (?ms, ?B)
[2026-09-01T03:30:49.172Z] GET https://lh3.googleusercontent.com/sitesv/AG8ngQUpiYPoVYFf0LFwLB7QToWw2hk3pJKQ8h2ngVIox51JfSRIHq5fJjsoFSqskh16lPHs9EZGbqmwAKKMHs8qVT2whEvpHaPyw0cZTXLIxvOaiFdWFBF7aPXGGYLPbOmjxptV4wbc08EgQTzYxjsE9-g9BB7a-5xGlTQVuuvU4MJFVo3MUS6BDbJzR0ZFQYRaEEw18qEnVCzb9wLX70Sp23IJEB5SxUY-C9cBn9rFr_I=w1280 → pending (?ms, ?B)
[2026-09-01T03:30:49.172Z] GET https://lh3.googleusercontent.com/sitesv/AG8ngQVuhMnSy4VlPMMpqnH0zduQwKqIHObk77srYw-mAZ9fYClFnwU0vD1X6LfOODp4ROpID-V5Bh1XA7UCioa0YLa4vfZ_ypTsOdJkw6RiZA0YMP2sybuSG46Qh32EYRV0_nvEtJivxccMU8cFKimMltL8HvkGOprxTv0hfafgeLJUxCpx4_BI2lTXa6PhmWzXpW3EzcipykfwCYJLCAT6di5WpFggItq1UeEluFt2dTY=w1280 → pending (?ms, ?B)
[2026-09-01T03:30:49.172Z] GET https://lh3.googleusercontent.com/sitesv/AG8ngQUP0YgRKYXzOSL1xm-UseR0s-pZjYEnz_RHZ5FUxAxSt0GsldlW0QypaLYqXIbWsZOeEFhgDTTN5zQNa080Au2TlTirhQJdEtD6Nf_gVZyyyoJbh8k_ok_KFwB5F2jiqwSVjk-Oq0fyNRssJhCXPlc42M_6aMBHM3nWg_XQZ2FVDGA-2G7WXjPZvJhlnIBznTdf7g1pXTfAs2Dn53gSQblYQTOE7ZGTtWTTewc58Jo=w1280 → pending (?ms, ?B)
[2026-09-01T03:30:49.172Z] GET https://lh3.googleusercontent.com/sitesv/AG8ngQXLtVWKEgmEkq1srsKNKOWMN0bc8J5FyZSFwByXR3e-m1LQ5Vd8IBD4cMDePAVSjdo7f0ISVKny2Cc8jzVTr_0vKT23d6SQe663BrDByBwXyyfapQGWC3wFNXYTrgbYZ0P_L2DIn_cSxGpZ32yDRHk8G4sh9gMZ8wEJ4N-nHobh4xEJ5zXPOPl804-P9kU8kGyCDHHtJKa6fR4eEz4Fn_TkthMCngVnz0WzYajb=w1280 → pending (?ms, ?B)
[2026-09-01T03:30:49.172Z] GET https://www.gstatic.com/_/atari/_/js/k=atari.vw.en_US.l4VLTz75WC0.O/am=IAACDAAE/d=1/rs=AGEqA5nkRSfxbPdnl2LhmdAy2jUfgO7YdA/m=view → 200 (2ms, -739B)
[2026-09-01T03:30:49.174Z] GET https://lh3.googleusercontent.com/sitesv/AG8ngQW1X0TpG1Yys-Dd34ISXmjYRT1S9RKicFGHTXs1eNB1wHbrHg2auKVqbFBQs2DlFY-B1bmpxKHzXvNho0ZfczNHKghEUcbsViY0w26jfNqC_tQFQuzLNh7O_wBqnPlC3kZBoed28r03aEXThzEia9sBRzbRNALqJn1gsLWM_sBBPQ9HwmgqJEIbBWWN=w16383 → pending (?ms, ?B)
[2026-09-01T03:30:49.174Z] GET https://lh3.googleusercontent.com/sitesv/AG8ngQU_6yplP5ko4mJTX-9kKXWai8pWOvEUaXh45yVJ-0aSDr8J-wH55CyArV1-IWg5USpPnZkS6VlgZBuntBLsQWssE3PsD1VEDPj82X1HUOW02I0CvcFlm60vx_NOekpA_2v8kbY7IrunVEhJtlKvwqW_J9cyod6qgAiw3tm69_5ZjnYaGbKH7A6iTNRknZM=w16383 → pending (?ms, ?B)
[2026-09-01T03:30:49.174Z] GET https://lh3.googleusercontent.com/sitesv/AG8ngQUwiGBC1XUqCPK7atDSS5rMblhNDdA06CYLK34to5hB5zNuvLqjuVw7GQIpC9cuzJ8LRcGf6TZldRPyKhdhDv4Bpt05G8VHjLalLa4yiKmAwrjXiRCQvTTI5BBMFZb3AUR2XfNcIVjY2BPnidqSKLIjnuYUTZofY3_wjysmQi3Rxp9ByiprcN7VxFm9ioU=w16383 → pending (?ms, ?B)
[2026-09-01T03:30:49.174Z] GET https://lh3.googleusercontent.com/sitesv/AG8ngQUDbwNEquSkZsqDySGoM8k_q1DyABSLWTzk8GO-cM8x4e61qyRekkXybioJ52krPI4W6NaRWj-yIF2gBcHvEL-H5YZexYY3bhnDjgOZ-4_ZbmABvGZyXUj-pyEZDkcO9btxnwkxeJgI69dY2w29N-fUnpHT4Hvtv6gB0mlTLE6Yr1kqEhcG3SPgiT2Dkuc=w16383 → pending (?ms, ?B)
[2026-09-01T03:30:49.174Z] GET https://lh3.googleusercontent.com/sitesv/AG8ngQVL0FY9mgNfe1df5lLfLtvv3sIhyAKs2hQn_NX9fqsm30WB-X0BRjr2Ns9-8UeYttN24Utqe8rstZOZ9pn4KxzUFtEguaBGM2WY20AFwegS3z4Rfabxv0CChY3SiJODxewLYxaXcNKlsSC52_SshMrVapw36CfN8_tBAViehGxUv65bp9P4ZVWDFvlz=w16383 → pending (?ms, ?B)
[2026-09-01T03:30:49.174Z] GET https://www.gstatic.com/_/atari/_/js/k=atari.vw.en_US.l4VLTz75WC0.O/am=IAACDAAE/d=0/rs=AGEqA5nkRSfxbPdnl2LhmdAy2jUfgO7YdA/m=sy4b,sy4c,sy4a,FoQBg → 200 (?ms, -738B)
[2026-09-01T03:30:49.175Z] GET https://www.gstatic.com/_/atari/_/js/k=atari.vw.en_US.l4VLTz75WC0.O/am=IAACDAAE/d=0/rs=AGEqA5nkRSfxbPdnl2LhmdAy2jUfgO7YdA/m=sy76,TRvtze → 200 (?ms, -736B)
[2026-09-01T03:30:49.194Z] GET https://www.gstatic.com/_/atari/_/js/k=atari.vw.en_US.l4VLTz75WC0.O/am=IAACDAAE/d=0/rs=AGEqA5nkRSfxbPdnl2LhmdAy2jUfgO7YdA/m=LLHPdb,sy2y,ws9Tlc,cEt90b,sy87,KUM7Z,MpJwZc,n73qwf,A4UTCb,sy2x,L1AAkb,aW3pY,RyvaUb,sy2t,sy39,owcnme,sy3a,sy3b,O6y8ed,mzzZzc,CHCSlb,qAKInc,sy3n,YXyON,sy3s,sy3r,iTeaXe,sy78,abQiW,sy14,sy13,sy12,syx,syw,sy3c,pxq3x,sy3d,syq,sy3e,sy3x,syy,sy29,sy3f,sy4q,sy77,EGNJFf,V3dDOb,sy2w,ENNBBf,syh,syj,syf,syg,syd,syp,syc,sy3i,yf2Bs,sy1i,sy1p,sy1e,sy1c,sy1f,sy1n,sy1k,sy1o,sy1h,sy1d,sy1j,sy1l,sy1m,sy1g,syt,sy37,fmklff,TGYpv,XVMNvd,sy84,yxTchf,sy85,sy86,xQtZb,iSvg6e,N5Lqpc,sy3v,sy3w,sy3t,sy3u,sy3q,sy3y,sy3z,pc62j,qEW1W,oNFsLb,syk,syn,syo,sy3j,sy3k,iwfZq,m9oV,sy30,RAnnUd,i5dxUd,sy2z,sy31,sy32,sy33,sy2e,etBPYb,i5H9N,SU9Rsf,sy34,sy35,sy36,sy2c,sy2f,PHUIyb,qNG0Fc,syu,syv,syz,qTnoBf,NJ1rfe,ywOR5c,sy38,sye,wg1P6b,EcW08c,sy3g,sy3h,t8tqF,qddgKe,sy7a,SM1lmd,eEDsnd,sy10,sy11,sys,RRzQxe,sya,sy9,sy17,sy21,yyxWAc,sy0,sy1,sy7,sy2d,sy6,sy2b,sy2g,sy2a,sy28,sy2h,sy2i,sy1t,sy5k,syr,sy19,sy20,sy72,syb,sy4j,sy6v,sy18,fNFZH,sy79,sy3p,sy4p,sy2j,i16Xfc,sy4d,zJMuOc,RrXLpc,sy43,sy45,sy47,sy4e,sy4f,sy4g,tCGzVe,Ej8J2c,odWSx,cgRV2c,sy1z,sy3o,sy57,o1L5Wb,X4BaPc,vVEdxc,sy4,sy5,sy3l,sy4i,RQOkef,sy25,sy24,sy26,sy8,sy16,sy1v,sy1w,sy23,gaMBzf,sy6w,sy27,fVuHhf,sy70,j1RDQb,sy4l,sy4t,sy4s,sy4n,sy4k,sy4o,syi,sy1s,sy46,sy4h,sy4m,sy4r,sy4u,Md9ENb → 200 (?ms, -739B)
[2026-09-01T03:30:49.211Z] POST https://sites.google.com/_/view/naLogImpressions?authuser=0 → 200 (89ms, 67B)
[2026-09-01T03:30:49.263Z] GET https://www.gstatic.com/feedback/js/help/prod/service/lazy.min.js → 200 (?ms, -886B)
[2026-09-01T03:30:49.265Z] GET https://www.gstatic.com/_/atari/_/js/k=atari.vw.en_US.l4VLTz75WC0.O/am=IAACDAAE/d=0/rs=AGEqA5nkRSfxbPdnl2LhmdAy2jUfgO7YdA/m=IZT63,YYmHzb,vfuNJf,sy7r,sy7w,sy7y,sy8a,sy88,sy89,siKnQd,sy7q,sy7x,sy7z,YNjGDd,sy80,PrPYRd,iFQyKf,hc6Ubd,sy8b,SpsfSb,sy7t,sy7v,wR5FRb,pXdRYb,dIoSBb,zbML3c → 200 (?ms, -738B)
[2026-09-01T03:30:49.265Z] GET https://www.gstatic.com/_/atari/_/js/k=atari.vw.en_US.l4VLTz75WC0.O/am=IAACDAAE/d=0/rs=AGEqA5nkRSfxbPdnl2LhmdAy2jUfgO7YdA/m=sy42,sy44,fuVYe,sy48,sy49,CG0Qwb → 200 (?ms, -738B)
[2026-09-01T03:30:49.266Z] GET https://www.gstatic.com/_/atari/_/js/k=atari.vw.en_US.l4VLTz75WC0.O/am=IAACDAAE/d=0/rs=AGEqA5nkRSfxbPdnl2LhmdAy2jUfgO7YdA/m=sy1q,sy1y,Ae65rd,rCcCxc,sy73,gJzDyc,uu7UOe,sy7b,soHxf,CuaHnc,sy7c,uY3Nvd,mxS5xe,sy6q,HYv29e → 200 (1ms, -738B)
[2026-09-01T03:30:49.268Z] POST https://play.google.com/log?format=json&hasfast=true&authuser=0 → 200 (145ms, 151B)
[2026-09-01T03:30:52.220Z] POST https://sites.google.com/_/view/naLogImpressions?authuser=0 → 200 (132ms, 67B)
[2026-09-01T03:30:52.221Z] POST https://play.google.com/log?format=json&hasfast=true&authuser=0 → 200 (316ms, 151B)
[2026-09-01T03:30:54.365Z] POST https://www.google-analytics.com/g/collect?v=2&tid=G-XRQ92MLXDH&gtm=45je68s1v9243598106za200zd9243598106&_p=1788233449067&gcd=13l3l3l3l1l1&npa=0&dma=0&gdid=dZWRiYj&_eu=AAAAAAQ&are=1&cid=1809352281.1788233124&frm=0&ngs=1&pscdl=noapi&rcb=13&sr=1280x720&uaa=x86&uab=64&uafvl=Not%253AA-Brand%3B99.0.0.0%7CHeadlessChrome%3B145.0.7632.6%7CChromium%3B145.0.7632.6&uam=&uamb=0&uap=Windows&uapv=19.0.0&uaw=0&ul=es-mx&_s=1&tag_exp=115938465~115938468~118897920~118897930~119793974~120213116~120385422&sid=1788233123&sct=1&seg=1&dl=https%3A%2F%2Fsites.google.com%2Ftec.mx%2Femprendimiento-tec%2Fsparkcamp&dt=Experiencias%20de%20Emprendimiento%20-%20SparkCamp&en=page_view&_ee=1&tfd=5535 → pending (?ms, ?B)
[2026-09-01T03:41:18.235Z] GET http://127.0.0.1:8765/ → 200 (113ms, 95300B)
[2026-09-01T03:41:18.367Z] GET https://fonts.googleapis.com/css2?family=Kumbh+Sans:wght@400;700&family=Poppins:wght@400;700;800&display=swap → pending (?ms, ?B)
[2026-09-01T03:41:18.367Z] GET http://127.0.0.1:8765/assets/logo-emprendimiento-ieegl.png → 200 (10ms, 75903B)
[2026-09-01T03:41:18.367Z] GET http://127.0.0.1:8765/assets/logo-emprendimiento.png → 200 (11ms, 31749B)
[2026-09-01T03:41:18.367Z] GET http://127.0.0.1:8765/assets/rayo-azul.png → 200 (25ms, 9321B)
[2026-09-01T03:41:18.367Z] GET http://127.0.0.1:8765/assets/rayo-blanco.png → 200 (27ms, 9211B)
[2026-09-01T03:41:18.856Z] GET http://127.0.0.1:8765/assets/video/todas-y-todos.jpg → 200 (2ms, 52340B)
[2026-09-01T03:41:18.857Z] GET http://127.0.0.1:8765/assets/video/yo-emprendo-1.jpg → 200 (2ms, 42769B)
[2026-09-01T03:41:18.857Z] GET http://127.0.0.1:8765/assets/video/yo-emprendo-2.jpg → 200 (3ms, 48897B)
[2026-09-01T03:41:18.857Z] GET http://127.0.0.1:8765/assets/video/yo-emprendo-3.jpg → 200 (231ms, 52954B)
[2026-09-01T03:41:18.857Z] GET http://127.0.0.1:8765/eventos.json?t=1788234078853 → 200 (237ms, 2916B)
[2026-09-01T03:41:19.084Z] GET https://fonts.gstatic.com/s/kumbhsans/v27/c4mw1n92AsfhuCq6tVsaoIx1LQICk0boNoq0ShNPVo0.woff2 → 200 (48ms, -814B)
[2026-09-01T03:41:19.084Z] GET https://fonts.gstatic.com/s/poppins/v24/pxiByp8kv8JHgFVrLDD4Z1xlFQ.woff2 → 200 (151ms, 7851B)
[2026-09-01T03:41:19.084Z] GET https://fonts.gstatic.com/s/poppins/v24/pxiByp8kv8JHgFVrLCz7Z1xlFQ.woff2 → 200 (49ms, -813B)
[2026-09-01T03:41:19.085Z] GET https://fonts.gstatic.com/s/poppins/v24/pxiEyp8kv8JHgFVrJJfecg.woff2 → 200 (49ms, -814B)
[2026-09-01T03:41:19.085Z] GET https://fonts.gstatic.com/s/kumbhsans/v27/c4mw1n92AsfhuCq6tVsaoIx1LQICk0boNoq0ShMhVo0iPw.woff2 → 200 (152ms, 13363B)
[2026-09-01T03:41:19.085Z] GET http://127.0.0.1:8765/assets/experiencia-lab.webp → 200 (53ms, 39450B)
[2026-09-01T03:41:19.086Z] GET http://127.0.0.1:8765/assets/experiencia-explora.webp → 200 (60ms, 20988B)
[2026-09-01T03:41:19.086Z] GET http://127.0.0.1:8765/assets/experiencia-founder.webp → 200 (54ms, 24292B)
[2026-09-01T03:41:19.087Z] GET http://127.0.0.1:8765/assets/experiencia-labs.webp → 200 (54ms, 36200B)
[2026-09-01T03:41:19.087Z] GET http://127.0.0.1:8765/assets/experiencia-freeland.webp → 200 (52ms, 41854B)
[2026-09-01T03:41:19.087Z] GET http://127.0.0.1:8765/assets/experiencia-spark.webp → 200 (55ms, 31792B)
[2026-09-01T03:41:19.087Z] GET http://127.0.0.1:8765/assets/ranking-10.png → 200 (60ms, 243007B)
[2026-09-01T03:41:19.092Z] GET http://127.0.0.1:8765/assets/video/todas-y-todos.mp4 → 200 (59ms, 181352B)
[2026-09-01T03:41:19.092Z] GET http://127.0.0.1:8765/assets/video/yo-emprendo-1.mp4 → 200 (60ms, 149040B)
[2026-09-01T03:41:19.265Z] GET https://fonts.gstatic.com/s/kumbhsans/v27/c4mw1n92AsfhuCq6tVsaoIx1LQICk0boNoq0ShMzVo0iPw.woff2 → 200 (46ms, 23109B)
[2026-09-01T03:41:24.090Z] GET http://127.0.0.1:8765/ → 200 (8ms, ?B)
[2026-09-01T03:41:24.129Z] GET https://fonts.googleapis.com/css2?family=Kumbh+Sans:wght@400;700&family=Poppins:wght@400;700;800&display=swap → 200 (?ms, -743B)
[2026-09-01T03:41:24.130Z] GET http://127.0.0.1:8765/assets/logo-emprendimiento-ieegl.png → 200 (?ms, -189B)
[2026-09-01T03:41:24.133Z] GET http://127.0.0.1:8765/assets/logo-emprendimiento.png → 200 (?ms, -189B)
[2026-09-01T03:41:24.134Z] GET http://127.0.0.1:8765/assets/rayo-azul.png → 200 (?ms, -188B)
[2026-09-01T03:41:24.135Z] GET http://127.0.0.1:8765/assets/rayo-blanco.png → 200 (?ms, -188B)
[2026-09-01T03:41:24.159Z] GET http://127.0.0.1:8765/assets/experiencia-lab.webp → 200 (?ms, -204B)
[2026-09-01T03:41:24.171Z] GET http://127.0.0.1:8765/assets/experiencia-explora.webp → 200 (1ms, -204B)
[2026-09-01T03:41:24.173Z] GET http://127.0.0.1:8765/assets/experiencia-founder.webp → 200 (?ms, -204B)
[2026-09-01T03:41:24.174Z] GET http://127.0.0.1:8765/assets/experiencia-labs.webp → 200 (?ms, -204B)
[2026-09-01T03:41:24.174Z] GET http://127.0.0.1:8765/assets/experiencia-freeland.webp → 200 (?ms, -204B)
[2026-09-01T03:41:24.175Z] GET http://127.0.0.1:8765/assets/experiencia-spark.webp → 200 (?ms, -204B)
[2026-09-01T03:41:24.176Z] GET http://127.0.0.1:8765/assets/video/todas-y-todos-movil.jpg → 200 (73ms, 44956B)
[2026-09-01T03:41:24.176Z] GET http://127.0.0.1:8765/assets/video/yo-emprendo-1-movil.jpg → 200 (79ms, 38866B)
[2026-09-01T03:41:24.176Z] GET http://127.0.0.1:8765/assets/video/yo-emprendo-2-movil.jpg → 200 (74ms, 39347B)
[2026-09-01T03:41:24.176Z] GET http://127.0.0.1:8765/assets/video/yo-emprendo-3-movil.jpg → 200 (78ms, 42123B)
[2026-09-01T03:41:24.176Z] GET http://127.0.0.1:8765/assets/ranking-10.png → 200 (?ms, -190B)
[2026-09-01T03:41:24.177Z] GET http://127.0.0.1:8765/eventos.json?t=1788234084156 → 200 (82ms, 2916B)
[2026-09-01T03:41:24.233Z] GET https://fonts.gstatic.com/s/kumbhsans/v27/c4mw1n92AsfhuCq6tVsaoIx1LQICk0boNoq0ShMzVo0iPw.woff2 → 200 (?ms, -815B)
[2026-09-01T03:41:24.234Z] GET https://fonts.gstatic.com/s/kumbhsans/v27/c4mw1n92AsfhuCq6tVsaoIx1LQICk0boNoq0ShMhVo0iPw.woff2 → 200 (?ms, -815B)
[2026-09-01T03:41:24.235Z] GET https://fonts.gstatic.com/s/kumbhsans/v27/c4mw1n92AsfhuCq6tVsaoIx1LQICk0boNoq0ShNPVo0.woff2 → 200 (?ms, -814B)
[2026-09-01T03:41:24.236Z] GET https://fonts.gstatic.com/s/poppins/v24/pxiEyp8kv8JHgFVrJJfecg.woff2 → 200 (10ms, -814B)
[2026-09-01T03:41:24.247Z] GET https://fonts.gstatic.com/s/poppins/v24/pxiByp8kv8JHgFVrLCz7Z1xlFQ.woff2 → 200 (?ms, -813B)
[2026-09-01T03:41:24.248Z] GET https://fonts.gstatic.com/s/poppins/v24/pxiByp8kv8JHgFVrLDD4Z1xlFQ.woff2 → 200 (?ms, -814B)
[2026-09-01T03:41:24.256Z] GET http://127.0.0.1:8765/assets/video/todas-y-todos-movil.mp4 → 200 (18ms, 137198B)
[2026-09-01T03:41:24.256Z] GET http://127.0.0.1:8765/assets/video/yo-emprendo-1-movil.mp4 → 200 (19ms, 133126B)
[2026-09-01T03:41:30.167Z] GET http://127.0.0.1:8765/assets/video/yo-emprendo-2-movil.mp4 → 200 (7ms, 74184B)
[2026-09-01T03:41:36.158Z] GET http://127.0.0.1:8765/assets/video/yo-emprendo-3-movil.mp4 → 200 (8ms, 141551B)
[2026-09-01T03:41:59.709Z] GET http://127.0.0.1:8765/ → 200 (9ms, ?B)
[2026-09-01T03:41:59.750Z] GET https://fonts.googleapis.com/css2?family=Kumbh+Sans:wght@400;700&family=Poppins:wght@400;700;800&display=swap → 200 (?ms, -743B)
[2026-09-01T03:41:59.751Z] GET http://127.0.0.1:8765/assets/logo-emprendimiento-ieegl.png → 200 (?ms, -189B)
[2026-09-01T03:41:59.754Z] GET http://127.0.0.1:8765/assets/logo-emprendimiento.png → 200 (?ms, -189B)
[2026-09-01T03:41:59.755Z] GET http://127.0.0.1:8765/assets/rayo-azul.png → 200 (?ms, -188B)
[2026-09-01T03:41:59.755Z] GET http://127.0.0.1:8765/assets/rayo-blanco.png → 200 (?ms, -188B)
[2026-09-01T03:41:59.778Z] GET http://127.0.0.1:8765/assets/experiencia-lab.webp → 200 (?ms, -204B)
[2026-09-01T03:41:59.782Z] GET http://127.0.0.1:8765/assets/experiencia-explora.webp → 200 (?ms, -204B)
[2026-09-01T03:41:59.783Z] GET http://127.0.0.1:8765/assets/experiencia-founder.webp → 200 (?ms, -204B)
[2026-09-01T03:41:59.785Z] GET http://127.0.0.1:8765/assets/experiencia-labs.webp → 200 (?ms, -204B)
[2026-09-01T03:41:59.792Z] GET http://127.0.0.1:8765/assets/experiencia-freeland.webp → 200 (?ms, -204B)
[2026-09-01T03:41:59.793Z] GET http://127.0.0.1:8765/assets/experiencia-spark.webp → 200 (?ms, -204B)
[2026-09-01T03:41:59.794Z] GET http://127.0.0.1:8765/assets/video/todas-y-todos.jpg → 200 (1ms, -190B)
[2026-09-01T03:41:59.794Z] GET http://127.0.0.1:8765/assets/video/yo-emprendo-1.jpg → 200 (2ms, -190B)
[2026-09-01T03:41:59.794Z] GET http://127.0.0.1:8765/assets/video/yo-emprendo-2.jpg → 200 (2ms, -190B)
[2026-09-01T03:41:59.794Z] GET http://127.0.0.1:8765/assets/video/yo-emprendo-3.jpg → 200 (5ms, -190B)
[2026-09-01T03:41:59.794Z] GET http://127.0.0.1:8765/assets/ranking-10.png → 200 (?ms, -190B)
[2026-09-01T03:41:59.794Z] GET http://127.0.0.1:8765/eventos.json?t=1788234119775 → 200 (72ms, 2916B)
[2026-09-01T03:41:59.839Z] GET https://fonts.gstatic.com/s/kumbhsans/v27/c4mw1n92AsfhuCq6tVsaoIx1LQICk0boNoq0ShMzVo0iPw.woff2 → 200 (?ms, -815B)
[2026-09-01T03:41:59.840Z] GET https://fonts.gstatic.com/s/kumbhsans/v27/c4mw1n92AsfhuCq6tVsaoIx1LQICk0boNoq0ShMhVo0iPw.woff2 → 200 (?ms, -815B)
[2026-09-01T03:41:59.846Z] GET https://fonts.gstatic.com/s/kumbhsans/v27/c4mw1n92AsfhuCq6tVsaoIx1LQICk0boNoq0ShNPVo0.woff2 → 200 (2ms, -814B)
[2026-09-01T03:41:59.849Z] GET https://fonts.gstatic.com/s/poppins/v24/pxiEyp8kv8JHgFVrJJfecg.woff2 → 200 (2ms, -814B)
[2026-09-01T03:41:59.852Z] GET https://fonts.gstatic.com/s/poppins/v24/pxiByp8kv8JHgFVrLCz7Z1xlFQ.woff2 → 200 (?ms, -813B)
[2026-09-01T03:41:59.853Z] GET https://fonts.gstatic.com/s/poppins/v24/pxiByp8kv8JHgFVrLDD4Z1xlFQ.woff2 → 200 (?ms, -814B)
[2026-09-01T03:41:59.859Z] GET http://127.0.0.1:8765/assets/video/todas-y-todos.mp4 → 206 (?ms, -241B)
[2026-09-01T03:41:59.859Z] GET http://127.0.0.1:8765/assets/video/yo-emprendo-1.mp4 → 206 (4ms, -241B)
[2026-09-01T03:42:03.219Z] GET http://127.0.0.1:8765/assets/foto-estudiantes.webp → 200 (8ms, 14900B)
[2026-09-01T03:42:05.269Z] GET http://127.0.0.1:8765/assets/ilustracion-2.webp → 200 (12ms, 25392B)
[2026-09-01T03:42:05.269Z] GET http://127.0.0.1:8765/assets/ilustracion-3.webp → 200 (21ms, 21212B)
[2026-09-01T03:42:05.269Z] GET http://127.0.0.1:8765/assets/ilustracion-1.webp → 200 (22ms, 37438B)
[2026-09-01T03:42:05.335Z] GET http://127.0.0.1:8765/assets/ilustracion-5.webp → 200 (9ms, 26914B)
[2026-09-01T03:42:05.335Z] GET http://127.0.0.1:8765/assets/ilustracion-4.webp → 200 (11ms, 17462B)
[2026-09-01T03:42:05.386Z] GET http://127.0.0.1:8765/assets/foto-comunidad.webp → 200 (9ms, 56670B)
[2026-09-01T03:42:05.433Z] GET http://127.0.0.1:8765/assets/logo-emprendimiento-ieegl-blanco.png → 200 (7ms, 72523B)
[2026-09-01T03:42:05.786Z] GET http://127.0.0.1:8765/assets/video/yo-emprendo-2.mp4 → 200 (8ms, 118914B)
[2026-09-01T03:42:11.781Z] GET http://127.0.0.1:8765/assets/video/yo-emprendo-3.mp4 → 200 (7ms, ?B)
[2026-09-01T03:42:12.721Z] GET http://127.0.0.1:8765/ → 200 (10ms, ?B)
[2026-09-01T03:42:12.770Z] GET https://fonts.googleapis.com/css2?family=Kumbh+Sans:wght@400;700&family=Poppins:wght@400;700;800&display=swap → 200 (1ms, -743B)
[2026-09-01T03:42:12.774Z] GET http://127.0.0.1:8765/assets/logo-emprendimiento-ieegl.png → 200 (?ms, -189B)
[2026-09-01T03:42:12.775Z] GET http://127.0.0.1:8765/assets/logo-emprendimiento.png → 200 (?ms, -189B)
[2026-09-01T03:42:12.776Z] GET http://127.0.0.1:8765/assets/rayo-azul.png → 200 (?ms, -188B)
[2026-09-01T03:42:12.777Z] GET http://127.0.0.1:8765/assets/rayo-blanco.png → 200 (?ms, -188B)
[2026-09-01T03:42:12.787Z] GET http://127.0.0.1:8765/assets/foto-estudiantes.webp → 200 (?ms, -204B)
[2026-09-01T03:42:12.788Z] GET http://127.0.0.1:8765/assets/foto-comunidad.webp → 200 (?ms, -204B)
[2026-09-01T03:42:12.788Z] GET http://127.0.0.1:8765/assets/logo-emprendimiento-ieegl-blanco.png → 200 (1ms, -189B)
[2026-09-01T03:42:12.832Z] GET https://fonts.gstatic.com/s/kumbhsans/v27/c4mw1n92AsfhuCq6tVsaoIx1LQICk0boNoq0ShMzVo0iPw.woff2 → 200 (?ms, -815B)
[2026-09-01T03:42:12.833Z] GET https://fonts.gstatic.com/s/kumbhsans/v27/c4mw1n92AsfhuCq6tVsaoIx1LQICk0boNoq0ShMhVo0iPw.woff2 → 200 (?ms, -815B)
[2026-09-01T03:42:12.834Z] GET https://fonts.gstatic.com/s/kumbhsans/v27/c4mw1n92AsfhuCq6tVsaoIx1LQICk0boNoq0ShNPVo0.woff2 → 200 (?ms, -814B)
[2026-09-01T03:42:12.835Z] GET https://fonts.gstatic.com/s/poppins/v24/pxiEyp8kv8JHgFVrJJfecg.woff2 → 200 (?ms, -814B)
[2026-09-01T03:42:12.836Z] GET https://fonts.gstatic.com/s/poppins/v24/pxiByp8kv8JHgFVrLCz7Z1xlFQ.woff2 → 200 (?ms, -813B)
[2026-09-01T03:42:12.837Z] GET https://fonts.gstatic.com/s/poppins/v24/pxiByp8kv8JHgFVrLDD4Z1xlFQ.woff2 → 200 (?ms, -814B)
[2026-09-01T03:42:12.853Z] GET http://127.0.0.1:8765/assets/ilustracion-1.webp → 200 (?ms, -204B)
[2026-09-01T03:42:12.854Z] GET http://127.0.0.1:8765/assets/ilustracion-2.webp → 200 (?ms, -204B)
[2026-09-01T03:42:12.863Z] GET http://127.0.0.1:8765/assets/ilustracion-3.webp → 200 (?ms, -204B)
[2026-09-01T03:42:12.864Z] GET http://127.0.0.1:8765/assets/ilustracion-4.webp → 200 (?ms, -204B)
[2026-09-01T03:42:12.865Z] GET http://127.0.0.1:8765/assets/ilustracion-5.webp → 200 (?ms, -204B)
[2026-09-01T03:42:12.865Z] GET http://127.0.0.1:8765/assets/experiencia-lab.webp → 200 (1ms, -204B)
[2026-09-01T03:42:12.866Z] GET http://127.0.0.1:8765/assets/experiencia-explora.webp → 200 (?ms, -204B)
[2026-09-01T03:42:12.867Z] GET http://127.0.0.1:8765/assets/experiencia-founder.webp → 200 (?ms, -204B)
[2026-09-01T03:42:12.868Z] GET http://127.0.0.1:8765/assets/experiencia-labs.webp → 200 (?ms, -204B)
[2026-09-01T03:42:12.869Z] GET http://127.0.0.1:8765/assets/experiencia-freeland.webp → 200 (?ms, -204B)
[2026-09-01T03:42:12.869Z] GET http://127.0.0.1:8765/assets/experiencia-spark.webp → 200 (1ms, -204B)
[2026-09-01T03:42:12.870Z] GET http://127.0.0.1:8765/assets/video/todas-y-todos-movil.jpg → 200 (?ms, -190B)
[2026-09-01T03:42:12.871Z] GET http://127.0.0.1:8765/assets/video/yo-emprendo-1-movil.jpg → 200 (?ms, -190B)
[2026-09-01T03:42:12.872Z] GET http://127.0.0.1:8765/assets/video/yo-emprendo-2-movil.jpg → 200 (?ms, -190B)
[2026-09-01T03:42:12.872Z] GET http://127.0.0.1:8765/assets/video/yo-emprendo-3-movil.jpg → 200 (?ms, -190B)
[2026-09-01T03:42:12.873Z] GET http://127.0.0.1:8765/assets/ranking-10.png → 200 (?ms, -190B)
[2026-09-01T03:42:12.874Z] GET http://127.0.0.1:8765/eventos.json?t=1788234132847 → 200 (31ms, 2916B)
[2026-09-01T03:42:12.898Z] GET http://127.0.0.1:8765/assets/video/todas-y-todos-movil.mp4 → 206 (8ms, -241B)
[2026-09-01T03:42:12.898Z] GET http://127.0.0.1:8765/assets/video/yo-emprendo-1-movil.mp4 → 206 (9ms, -241B)
[2026-09-01T03:42:18.849Z] GET http://127.0.0.1:8765/assets/video/yo-emprendo-2-movil.mp4 → 206 (4ms, -238B)
[2026-09-01T03:42:24.848Z] GET http://127.0.0.1:8765/assets/video/yo-emprendo-3-movil.mp4 → 206 (10ms, -241B)
[2026-09-01T03:42:25.168Z] GET http://127.0.0.1:8765/admin.html → 200 (8ms, 410B)
[2026-09-01T03:42:25.208Z] GET http://127.0.0.1:8765/ → 200 (7ms, ?B)
[2026-09-01T03:42:25.229Z] GET https://fonts.googleapis.com/css2?family=Kumbh+Sans:wght@400;700&family=Poppins:wght@400;700;800&display=swap → 200 (?ms, -743B)
[2026-09-01T03:42:25.232Z] GET http://127.0.0.1:8765/assets/logo-emprendimiento-ieegl.png → 200 (?ms, -189B)
[2026-09-01T03:42:25.233Z] GET http://127.0.0.1:8765/assets/logo-emprendimiento.png → 200 (?ms, -189B)
[2026-09-01T03:42:25.233Z] GET http://127.0.0.1:8765/assets/rayo-azul.png → 200 (?ms, -188B)
[2026-09-01T03:42:25.234Z] GET http://127.0.0.1:8765/assets/rayo-blanco.png → 200 (?ms, -188B)
[2026-09-01T03:42:25.243Z] GET http://127.0.0.1:8765/assets/foto-estudiantes.webp → 200 (?ms, -204B)
[2026-09-01T03:42:25.245Z] GET http://127.0.0.1:8765/assets/foto-comunidad.webp → 200 (?ms, -204B)
[2026-09-01T03:42:25.246Z] GET http://127.0.0.1:8765/assets/logo-emprendimiento-ieegl-blanco.png → 200 (?ms, -189B)
[2026-09-01T03:42:25.278Z] GET https://fonts.gstatic.com/s/kumbhsans/v27/c4mw1n92AsfhuCq6tVsaoIx1LQICk0boNoq0ShMzVo0iPw.woff2 → 200 (?ms, -815B)
[2026-09-01T03:42:25.279Z] GET https://fonts.gstatic.com/s/kumbhsans/v27/c4mw1n92AsfhuCq6tVsaoIx1LQICk0boNoq0ShMhVo0iPw.woff2 → 200 (4ms, -815B)
[2026-09-01T03:42:25.283Z] GET https://fonts.gstatic.com/s/kumbhsans/v27/c4mw1n92AsfhuCq6tVsaoIx1LQICk0boNoq0ShNPVo0.woff2 → 200 (1ms, -814B)
[2026-09-01T03:42:25.285Z] GET https://fonts.gstatic.com/s/poppins/v24/pxiEyp8kv8JHgFVrJJfecg.woff2 → 200 (?ms, -814B)
[2026-09-01T03:42:25.286Z] GET https://fonts.gstatic.com/s/poppins/v24/pxiByp8kv8JHgFVrLCz7Z1xlFQ.woff2 → 200 (?ms, -813B)
[2026-09-01T03:42:25.286Z] GET https://fonts.gstatic.com/s/poppins/v24/pxiByp8kv8JHgFVrLDD4Z1xlFQ.woff2 → 200 (1ms, -814B)
[2026-09-01T03:42:25.358Z] GET http://127.0.0.1:8765/assets/ilustracion-1.webp → 200 (?ms, -204B)
[2026-09-01T03:42:25.361Z] GET http://127.0.0.1:8765/assets/ilustracion-2.webp → 200 (?ms, -204B)
[2026-09-01T03:42:25.362Z] GET http://127.0.0.1:8765/assets/ilustracion-3.webp → 200 (?ms, -204B)
[2026-09-01T03:42:25.363Z] GET http://127.0.0.1:8765/assets/ilustracion-4.webp → 200 (?ms, -204B)
[2026-09-01T03:42:25.363Z] GET http://127.0.0.1:8765/assets/ilustracion-5.webp → 200 (10ms, -204B)
[2026-09-01T03:42:25.374Z] GET http://127.0.0.1:8765/assets/experiencia-lab.webp → 200 (?ms, -204B)
[2026-09-01T03:42:25.377Z] GET http://127.0.0.1:8765/assets/experiencia-explora.webp → 200 (?ms, -204B)
[2026-09-01T03:42:25.379Z] GET http://127.0.0.1:8765/assets/experiencia-founder.webp → 200 (?ms, -204B)
[2026-09-01T03:42:25.380Z] GET http://127.0.0.1:8765/assets/experiencia-labs.webp → 200 (1ms, -204B)
[2026-09-01T03:42:25.382Z] GET http://127.0.0.1:8765/assets/experiencia-freeland.webp → 200 (1ms, -204B)
[2026-09-01T03:42:25.385Z] GET http://127.0.0.1:8765/assets/experiencia-spark.webp → 200 (?ms, -204B)
[2026-09-01T03:42:25.386Z] GET http://127.0.0.1:8765/assets/video/todas-y-todos.jpg → 200 (?ms, -190B)
[2026-09-01T03:42:25.386Z] GET http://127.0.0.1:8765/assets/video/yo-emprendo-1.jpg → 200 (1ms, -190B)
[2026-09-01T03:42:25.388Z] GET http://127.0.0.1:8765/assets/video/yo-emprendo-2.jpg → 200 (?ms, -190B)
[2026-09-01T03:42:25.389Z] GET http://127.0.0.1:8765/assets/video/yo-emprendo-3.jpg → 200 (?ms, -190B)
[2026-09-01T03:42:25.390Z] GET http://127.0.0.1:8765/assets/ranking-10.png → 200 (?ms, -190B)
[2026-09-01T03:42:25.390Z] GET http://127.0.0.1:8765/eventos.json?t=1788234145356 → 200 (18ms, 2916B)
[2026-09-01T03:42:28.180Z] GET http://127.0.0.1:8765/admin.json?t=1788234148176 → 200 (12ms, 288B)
[2026-09-01T03:42:31.317Z] GET http://127.0.0.1:8765/assets/video/yo-emprendo-2.mp4 → 206 (4ms, -241B)
[2026-09-01T03:42:32.250Z] GET http://127.0.0.1:8765/admin.json?t=1788234152246 → 200 (9ms, 288B)
[2026-09-01T03:42:37.315Z] GET http://127.0.0.1:8765/assets/video/yo-emprendo-3.mp4 → 206 (6ms, -241B)
